,action_date_fiscal_year,base_and_exercised_options_value,federal_action_obligation,base_and_all_options_value,action_date
0,2009,11585.31,11585.31,11585.31,2009-06-06
1,2009,37173.96,37173.96,37173.96,2009-08-15
2,2009,149801.06,149801.06,149801.06,2009-08-15
3,2009,129888.19,129888.19,129888.19,2009-09-06
4,2009,4306938.21,4306938.21,4306938.21,2009-03-04
5,2009,213157.68,213157.68,213157.68,2009-09-14
6,2009,116057.07,116057.07,116057.07,2009-01-27
7,2009,788981.28,788981.28,788981.28,2009-09-04
8,2009,56616.95,56616.95,56616.95,2009-05-14
9,2009,314655.9,314655.9,314655.9,2009-06-02
10,2009,39194.4,39194.4,39194.4,2009-06-10
11,2009,190944.66,190944.66,190944.66,2009-01-26
12,2009,70287.96,70287.96,70287.96,2009-07-31
13,2009,216986.0,216986.0,216986.0,2009-06-24
14,2009,9763.1,9763.1,9763.1,2009-07-31
15,2009,101654.44,101654.44,101654.44,2009-05-14
16,2009,37173.96,37173.96,37173.96,2009-08-15
17,2009,50002.0,50002.0,50002.0,2009-05-11
18,2009,394750.0,394750.0,7287404.0,2009-06-11
19,2009,1679936.8,1679936.8,1679936.8,2009-08-25
20,2009,40817.52,40817.52,40817.52,2009-09-27
21,2009,68889.6,68889.6,0.0,2009-04-22
22,2009,81350.2,81350.2,81350.2,2009-07-01
23,2009,54730.14,54730.14,54730.14,2009-07-23
24,2009,12167634.92,12167634.92,12167634.92,2009-09-18
25,2009,1463867.2,1463867.2,1463867.2,2009-06-20
26,2009,596977.42,596977.42,596977.42,2009-09-02
27,2009,228261.07,228261.07,228261.07,2009-07-29
28,2009,34537.5,34537.5,34537.5,2009-06-05
29,2009,6356.82,6356.82,6356.82,2009-06-02
30,2009,137916.2,137916.2,137916.2,2009-09-01
31,2009,86566.43,86566.43,86566.43,2009-08-15
32,2009,384066.0,384066.0,384066.0,2009-09-15
33,2009,926429.78,926429.78,926429.78,2009-06-27
34,2009,34796.2,34796.2,34796.2,2009-09-28
35,2009,137522.49,137522.49,137522.49,2009-05-08
36,2009,60040.04,60040.04,60040.04,2009-09-06
37,2009,94169.09,94169.09,94169.09,2009-04-01
38,2009,450000.0,450000.0,450000.0,2009-09-28
39,2009,395288.42,172179.0,0.0,2009-09-16
40,2009,46390.2,46390.2,46390.2,2009-09-13
41,2009,410154.24,410154.24,410154.24,2009-02-27
42,2009,2521817.0,2521817.0,2521817.0,2009-09-10
43,2009,171649.0,171649.0,171649.0,2009-04-09
44,2009,26047.5,26047.5,26047.5,2009-03-17
45,2009,76259.28,72400.88,76259.28,2009-09-28
46,2009,4440682.0,4440682.0,4440682.0,2009-04-08
47,2009,114411.01,114411.01,114411.01,2009-05-18
48,2009,174720.0,174720.0,174720.0,2009-04-22
49,2009,51991.73,51991.73,51991.73,2009-08-15
50,2009,423045.95,423045.95,423045.95,2009-06-30
51,2009,23755.92,23755.92,0.0,2009-09-14
52,2009,288990.83,288990.83,288990.83,2009-09-02
53,2009,651667.87,651667.87,651667.87,2009-05-18
54,2009,75000.0,75000.0,75000.0,2009-04-27
55,2009,90000.0,90000.0,90000.0,2009-09-29
56,2009,63170.54,63170.54,63170.54,2009-06-30
57,2009,219000.0,219000.0,1207840.0,2009-09-25
58,2009,15144964.0,3268060.0,15144964.0,2009-08-28
59,2009,384853.28,384853.28,384853.28,2009-05-15
60,2009,329904.0,329904.0,0.0,2009-09-30
61,2009,688988.89,688988.89,688988.89,2009-09-23
62,2009,30968.59,30968.59,30968.59,2009-07-29
63,2009,128022.22,128022.22,128022.22,2009-09-14
64,2009,2065228.69,2065228.69,2065228.69,2009-08-14
65,2009,176610.0,176610.0,176610.0,2009-06-17
66,2009,28800.0,28800.0,28800.0,2009-02-24
67,2009,4416.16,4416.16,4416.16,2009-09-23
68,2009,145158.4,145158.4,145158.4,2009-07-23
69,2009,190.79,190.79,190.79,2009-04-16
70,2009,48070.68,48070.68,48070.68,2009-09-06
71,2009,108304.0,108304.0,108304.0,2009-09-04
72,2009,129000.0,129000.0,129000.0,2009-08-13
73,2009,6164157.92,6164157.92,6164157.92,2009-09-11
74,2009,1823.23,1823.23,1823.23,2009-09-06
75,2009,310029.28,310029.28,310029.28,2009-03-19
76,2009,222372.96,222372.96,222372.96,2009-09-12
77,2009,17719.68,17719.68,17719.68,2009-08-07
78,2009,40731.18,40731.18,40731.18,2009-07-13
79,2009,49899.91,49899.91,49899.91,2009-04-17
80,2009,1011933.12,1011933.12,1011933.12,2009-08-31
81,2009,186858.08,186858.08,186858.08,2009-08-20
82,2009,283922.05,283922.05,283922.05,2009-03-18
83,2009,60632.58,60632.58,60632.58,2009-08-17
84,2009,351861.4,351861.4,351861.4,2009-08-17
85,2009,49966.37,49966.37,49966.37,2009-05-22
86,2009,128321.96,128321.96,128321.96,2009-08-04
87,2009,51991.73,51991.73,51991.73,2009-08-15
88,2009,104052.03,104052.03,104052.03,2009-05-08
89,2009,3775.0,3775.0,3775.0,2009-07-21
90,2009,854351.03,854351.03,1168370.62,2009-08-31
91,2009,104772.22,104772.22,104772.22,2009-09-06
92,2009,9693630.0,9693630.0,9693630.0,2009-04-30
93,2009,909584.32,909584.32,909584.32,2009-04-29
94,2009,67082.4,67082.4,67082.4,2009-08-24
95,2009,1399098.84,1399098.84,1399098.84,2009-08-31
96,2009,483093.0,483093.0,483093.0,2009-07-27
97,2009,2171895.0,2171895.0,2171895.0,2009-06-19
98,2009,4000.0,4000.0,4000.0,2009-02-24
99,2009,379176.0,379176.0,0.0,2009-03-25
100,2009,32752.74,32752.74,32752.74,2009-04-07
101,2009,105906.63,105906.63,105906.63,2009-05-18
102,2009,36666.36,36666.36,36666.36,2009-09-17
103,2009,268751.2,268751.2,268751.2,2009-09-30
104,2009,121936.74,121936.74,121936.74,2009-05-28
105,2009,11714.08,11714.08,11714.08,2009-07-29
106,2009,434818.0,434818.0,434818.0,2009-08-07
107,2009,51309.42,51309.42,51309.42,2009-04-23
108,2009,107028.06,107028.06,107028.06,2009-06-03
109,2009,29219.38,29219.38,29219.38,2009-08-06
110,2009,66240.0,66240.0,66240.0,2009-09-15
111,2009,91056.34,91056.34,91056.34,2009-05-18
112,2009,17153.99,17153.99,17153.99,2009-07-24
113,2009,2076.58,2076.58,2076.58,2009-05-28
114,2009,37555.2,37555.2,37555.2,2009-07-01
115,2009,107359.22,107359.22,107359.22,2009-05-14
116,2009,212885.08,212885.08,212885.08,2009-05-06
117,2009,417887.6,417887.6,417887.6,2009-09-14
118,2009,78204.0,78204.0,78204.0,2009-08-27
119,2009,26937.96,26937.96,26937.96,2009-09-17
120,2009,26387.2,26387.2,0.0,2009-09-14
121,2009,396367.76,396367.76,782231.44,2009-03-31
122,2009,35575.22,35575.22,35575.22,2009-04-28
123,2009,36167.84,0.0,36167.84,2009-07-27
124,2009,49500.0,49500.0,460580.0,2009-09-25
125,2009,39340.62,39340.62,39340.62,2009-09-10
126,2009,2722844.0,2722844.0,2722844.0,2009-06-29
127,2009,754587.68,754587.68,754587.68,2009-05-22
128,2009,1861124.14,1861124.14,1861124.14,2009-09-08
129,2009,275119.71,275119.71,275119.71,2009-06-24
130,2009,688230.0,688230.0,688230.0,2009-04-16
131,2009,205057.0,205057.0,205057.0,2009-04-09
132,2009,430419.0,430419.0,0.0,2009-01-26
133,2009,5000000.0,1408835.79,5000000.0,2009-09-30
134,2009,37173.96,37173.96,37173.96,2009-08-15
135,2009,688898.0,688898.0,688898.0,2009-06-24
136,2009,29110.12,29110.12,29110.12,2009-05-27
137,2009,75159.87,75159.87,75159.87,2009-01-29
138,2009,15805.57,15805.57,15805.57,2009-08-04
139,2009,500198.71,500198.71,500198.71,2009-08-05
140,2009,93502.5,93502.5,93502.5,2009-09-25
141,2009,601843.4,601843.4,601843.4,2009-04-08
142,2009,4849.69,4849.69,4849.69,2009-02-09
143,2009,479893.58,479893.58,479893.58,2009-08-21
144,2009,928617.0,928617.0,928617.0,2009-09-29
145,2009,150000.0,150000.0,150000.0,2009-09-24
146,2009,41879.08,41879.08,41879.08,2009-03-20
147,2009,9393621.12,9393621.12,9393621.12,2009-06-19
148,2009,368.68,368.68,368.68,2009-03-04
149,2009,76068.72,76068.72,76068.72,2008-11-20
150,2009,61109.52,61109.52,61109.52,2008-10-31
151,2009,5645222.0,5645222.0,0.0,2008-10-16
152,2009,2429368.0,2429368.0,0.0,2008-11-18
153,2009,384000.0,192000.0,960000.0,2008-10-01
154,2009,245989.74,245989.74,245989.74,2008-12-16
155,2009,1135127.0,1135127.0,1135127.0,2008-12-29
156,2009,3801.6,3801.6,3801.6,2008-10-01
157,2009,411216.0,411216.0,411216.0,2008-11-26
158,2009,27402.0,27402.0,27402.0,2008-11-04
159,2009,1663888.0,302585.85,3500000.0,2008-12-04
160,2009,404577.6,404577.6,404577.6,2008-12-22
161,2009,193237.0,193237.0,193237.0,2008-10-08
162,2009,39000.0,39000.0,39000.0,2008-12-04
163,2009,62216.0,62216.0,62216.0,2008-12-29
164,2009,5849111.1,5849111.1,5849111.1,2008-10-24
165,2009,692725.44,692725.44,692725.44,2008-10-20
166,2009,800000.0,800000.0,800000.0,2008-11-24
167,2009,137800.0,137800.0,137800.0,2008-11-25
168,2009,97404.03,97404.03,97404.03,2008-12-30
169,2009,7162239.93,7162239.93,7162239.93,2008-12-08
170,2009,144910.96,144910.96,0.0,2008-11-25
171,2009,275102.82,275102.82,275102.82,2008-11-04
172,2009,689655.17,689655.17,689655.17,2008-11-26
173,2009,640000.0,640000.0,1600000.0,2008-12-11
174,2009,297918.0,297918.0,744797.0,2008-12-10
175,2009,619090.0,619090.0,619090.0,2008-10-08
176,2009,24631630.4,24631630.4,24631630.4,2008-10-30
177,2009,3247771.0,3247771.0,3247771.0,2008-12-30
178,2009,568709.34,568709.34,568709.34,2008-11-06
179,2009,164208.58,164208.58,164208.58,2008-11-24
180,2009,562718.75,562718.75,562718.75,2008-10-22
181,2009,446922.01,446922.01,446922.01,2008-12-29
182,2009,200000.0,200000.0,200000.0,2008-12-05
183,2009,4767487.08,4767487.08,0.0,2008-10-29
184,2009,8800735.8,8800735.8,8800735.8,2008-12-01
185,2009,441176.0,441176.0,441176.0,2008-10-08
186,2009,17280.0,17280.0,17280.0,2008-11-20
187,2009,295879.6,295879.6,295879.6,2008-12-29
188,2009,43456.0,43456.0,43456.0,2008-11-13
189,2009,148000.0,148000.0,148000.0,2008-12-19
190,2009,2224133.24,2224133.24,2224133.24,2008-11-06
191,2009,1200000.0,1200000.0,1200000.0,2008-12-09
192,2009,2364.86,2364.86,2364.86,2008-11-03
193,2009,200000.0,200000.0,200000.0,2008-12-04
194,2009,135127.0,135127.0,135127.0,2008-12-29
195,2009,52000.0,52000.0,52000.0,2008-11-03
196,2009,979930.83,979930.83,979930.83,2008-12-01
197,2009,495079.0,495079.0,495079.0,2008-12-09
198,2009,163894.48,163894.48,163894.48,2008-12-19
199,2009,635079.0,635079.0,0.0,2008-10-15
200,2009,54581.97,54581.97,54581.97,2008-12-22
201,2009,1104843.0,1104843.0,1104843.0,2008-11-12
202,2009,1566587.57,1566587.57,3900901.98,2008-12-31
203,2009,7642.36,7642.36,7642.36,2008-12-18
204,2009,787980.38,787980.38,787980.38,2008-12-29
205,2009,104587.2,104587.2,104587.2,2008-11-20
206,2009,200000.0,200000.0,200000.0,2008-11-13
207,2009,205920.0,205920.0,205920.0,2008-11-05
208,2009,156948.48,62779.39,156948.48,2008-11-12
209,2009,294756.8,294756.8,294756.8,2009-06-17
210,2009,840781.0,840781.0,0.0,2009-04-09
211,2009,3062388.96,3062388.96,20320443.0,2009-07-20
212,2009,184149.31,184149.31,184149.31,2009-01-27
213,2009,21323.04,21323.04,0.0,2009-09-14
214,2009,393278.0,393278.0,393278.0,2009-07-07
215,2009,6030.18,6030.18,6030.18,2009-06-11
216,2009,3327728.0,3327728.0,3327728.0,2009-07-06
217,2009,38484.0,38484.0,38484.0,2009-06-03
218,2009,63958.08,63958.08,63958.08,2009-02-19
219,2009,97745.0,97745.0,97745.0,2009-06-06
220,2009,41069.65,41069.65,41069.65,2009-08-13
221,2009,1093816.4,893352.12,1093816.4,2009-09-14
222,2009,51991.73,51991.73,51991.73,2009-08-17
223,2009,25797.47,25797.47,25797.47,2009-09-29
224,2009,3942047.36,3942047.36,3942047.36,2009-05-28
225,2009,56766.24,56766.24,0.0,2009-04-15
226,2009,262099.26,262099.26,262099.26,2009-09-24
227,2009,66825.36,66825.36,66825.36,2009-08-20
228,2009,70379.42,70379.42,70379.42,2009-06-10
229,2009,449224.0,449224.0,449224.0,2009-09-25
230,2009,326340.0,326340.0,326340.0,2009-06-26
231,2009,1889061.6,750005.55,1889061.6,2009-09-08
232,2009,1735653.6,704202.6,0.0,2009-09-08
233,2009,13146.61,13146.61,13146.61,2009-09-06
234,2009,91570.3,91570.3,91570.3,2009-09-28
235,2009,81841.63,81841.63,81841.63,2009-08-26
236,2009,4233791.02,4233791.02,4233791.02,2009-06-15
237,2009,180570.0,180570.0,180570.0,2009-04-16
238,2009,89695859.0,44083676.0,89695859.0,2009-04-27
239,2009,184824.32,184824.32,184824.32,2009-04-01
240,2009,469685.4,469685.4,469685.4,2009-06-19
241,2009,1499.74,1499.74,1499.74,2009-04-14
242,2009,90492.27,90492.27,90492.27,2009-08-15
243,2009,7382.01,7382.01,7382.01,2009-05-04
244,2009,73877.6,73877.6,73877.6,2009-04-14
245,2009,1856431.44,597648.4,0.0,2009-09-29
246,2009,73795.38,73795.38,73795.38,2009-04-03
247,2009,4254007.68,4254007.68,4254007.68,2009-06-26
248,2009,35795.52,35795.52,35795.52,2009-05-04
249,2009,2407550.0,2407550.0,2407550.0,2009-03-31
250,2009,117090.94,117090.94,117090.94,2009-03-02
251,2009,9034087.0,9034087.0,9034087.0,2009-09-11
252,2009,140080.0,140080.0,140080.0,2009-07-07
253,2009,251700.0,251700.0,251700.0,2009-08-13
254,2009,915000.0,915000.0,915000.0,2009-09-08
255,2009,60807.03,60807.03,60807.03,2009-06-26
256,2009,2807940.34,2807940.34,2807940.34,2009-09-11
257,2009,83509.54,83509.54,83509.54,2009-05-18
258,2009,1880.97,1880.97,1880.97,2009-02-24
259,2009,166200.6,166200.6,166200.6,2009-03-27
260,2009,13678657.99,13678657.99,13678657.99,2009-06-12
261,2009,39367.0,39367.0,39367.0,2009-06-26
262,2009,690422.5,657080.85,690422.5,2009-03-05
263,2009,82730.53,82730.53,82730.53,2009-05-18
264,2009,17150178.12,2350000.0,43962465.76,2009-09-24
265,2009,114186.59,114186.59,114186.59,2009-08-13
266,2009,53697.0,53697.0,0.0,2009-03-27
267,2009,51991.73,51991.73,51991.73,2009-08-15
268,2009,538940.31,538940.31,538940.31,2009-09-30
269,2009,5659.96,5659.96,5659.96,2009-08-12
270,2009,291966.0,291966.0,291966.0,2009-09-15
271,2009,26691.2,26691.2,26691.2,2009-04-23
272,2009,502166.71,502166.71,502166.71,2009-06-13
273,2009,21211.02,21211.02,21211.02,2009-08-27
274,2009,36670.4,36670.4,36670.4,2009-07-01
275,2009,114504.57,114504.57,114504.57,2009-09-11
276,2009,267862.4,267862.4,267862.4,2009-07-23
277,2009,961787.16,961787.16,961787.16,2009-03-30
278,2009,11558.22,11558.22,11558.22,2009-07-24
279,2009,456259.0,456259.0,456259.0,2009-07-21
280,2009,79476.0,79476.0,79476.0,2009-09-09
281,2009,196286.0,196286.0,196286.0,2009-04-10
282,2009,131862.0,131862.0,131862.0,2009-03-16
283,2009,158354.96,158354.96,158354.96,2009-08-26
284,2009,688988.89,688988.89,688988.89,2009-09-23
285,2009,394398.33,394398.33,394398.33,2009-09-06
286,2009,60869.14,60869.14,60869.14,2009-05-14
287,2009,243864.56,243864.56,243864.56,2009-01-14
288,2009,597846.2,597846.2,597846.2,2009-06-17
289,2009,63522.0,63522.0,63522.0,2009-08-28
290,2009,103027.2,103027.2,417945.6,2009-09-24
291,2009,750000.0,750000.0,750000.0,2009-04-07
292,2009,37173.96,37173.96,37173.96,2009-08-15
293,2009,31760.95,31760.95,31760.95,2009-06-08
294,2009,33664.14,33664.14,33664.14,2009-07-15
295,2009,1828845.2,1828845.2,1828845.2,2009-08-21
296,2009,6189975.0,6189975.0,6189975.0,2009-05-12
297,2009,45740.44,0.0,0.0,2009-09-30
298,2009,552093.01,552093.01,552093.01,2009-05-18
299,2009,483402.73,483402.73,483402.73,2009-06-30
300,2009,233768.29,233768.29,233768.29,2009-08-15
301,2009,25873.69,25873.69,25873.69,2009-09-21
302,2009,5696669.84,5696669.84,12606636.64,2009-09-21
303,2009,3460740.5,3460740.5,3460740.5,2009-04-08
304,2009,33412.0,33412.0,33412.0,2009-08-21
305,2009,66830.09,66830.09,66830.09,2009-07-16
306,2009,416822.4,416822.4,416822.4,2009-03-27
307,2009,365684.81,365684.81,365684.81,2009-08-28
308,2009,24735.3,24735.3,24735.3,2009-09-08
309,2009,278000.0,277375.01,278000.0,2009-09-15
310,2009,125341.16,125341.16,125341.16,2009-09-06
311,2009,92763.83,92763.83,92763.83,2009-06-17
312,2009,211037.2,211037.2,211037.2,2009-06-20
313,2009,14310000.0,14310000.0,14310000.0,2009-02-24
314,2009,33080.56,33080.56,33080.56,2009-06-29
315,2009,2802740.83,2802740.83,2802740.83,2009-07-24
316,2009,0.0,0.0,0.0,2009-01-14
317,2009,28276.0,28276.0,28276.0,2009-08-28
318,2009,45816.5,45816.5,45816.5,2009-05-18
319,2009,1135805.36,1135805.36,1135805.36,2009-09-30
320,2009,1022885.0,1022885.0,1022885.0,2009-09-29
321,2009,119950.0,119950.0,119950.0,2009-05-10
322,2009,8228.59,8228.59,8228.59,2009-08-13
323,2009,77877.9,77877.9,77877.9,2009-05-15
324,2009,9238.0,9238.0,9238.0,2009-08-18
325,2009,107607.15,107607.15,107607.15,2009-07-16
326,2009,890399.68,676134.88,0.0,2009-01-29
327,2009,27385.3,27385.3,27385.3,2009-07-08
328,2009,625860.07,625860.07,625860.07,2009-04-03
329,2009,273617.48,273617.48,273617.48,2009-02-24
330,2009,29225.26,29225.26,29225.26,2009-08-12
331,2009,655883.38,655883.38,655883.38,2009-05-06
332,2009,51533.15,51533.15,51533.15,2009-03-24
333,2009,1090082.37,1090082.37,0.0,2009-06-10
334,2009,103332.26,103332.26,103332.26,2009-01-29
335,2009,60000.0,60000.0,60000.0,2009-09-28
336,2009,8662264.0,8662264.0,8662264.0,2009-09-30
337,2009,15100.0,15100.0,15100.0,2009-07-13
338,2009,93733.0,93733.0,93733.0,2008-11-18
339,2009,7793282.0,7793282.0,0.0,2009-09-08
340,2009,806713.98,806713.98,806713.98,2009-09-25
341,2009,2574796.64,2574796.64,2574796.64,2009-05-26
342,2009,27671.57,27671.57,27671.57,2009-08-29
343,2009,20000.0,20000.0,20000.0,2009-09-10
344,2009,1302951.91,1302951.91,1302951.91,2009-07-08
345,2009,3506142.0,3506142.0,3506142.0,2009-09-30
346,2009,227844.96,227844.96,227844.96,2009-08-29
347,2009,36499.65,36499.65,36499.65,2009-06-11
348,2009,538940.31,538940.31,538940.31,2009-05-29
349,2009,34341.17,34341.17,34341.17,2009-09-14
350,2009,1075601.93,1075601.93,1075601.93,2009-09-09
351,2009,64082.83,64082.83,64082.83,2009-04-17
352,2009,1393400.0,1393400.0,1393400.0,2009-08-29
353,2009,568744.0,568744.0,568744.0,2009-06-03
354,2009,264098.34,264098.34,264098.34,2009-08-04
355,2009,579897.0,579897.0,0.0,2009-09-24
356,2009,59226.4,59226.4,59226.4,2009-02-24
357,2009,60080.0,60080.0,60080.0,2009-04-01
358,2009,72853.92,72853.92,72853.92,2009-09-11
359,2009,87761.73,87761.73,87761.73,2009-05-18
360,2009,412095.6,412095.6,412095.6,2009-09-02
361,2009,289155.96,289155.96,289155.96,2009-02-24
362,2009,81958.61,81958.61,81958.61,2009-09-01
363,2009,81756.96,81756.96,81756.96,2009-04-09
364,2009,233600.0,185586.0,722034.0,2009-04-16
365,2009,1621079.51,1621079.51,1621079.51,2009-05-29
366,2009,347107.51,347107.51,347107.51,2009-09-08
367,2009,6194022.9,6194022.9,6194022.9,2009-07-30
368,2009,3335.24,3335.24,3335.24,2009-07-31
369,2009,5028446.0,929160.0,5028446.0,2009-04-02
370,2009,1491480.12,1491480.12,1491480.12,2009-04-01
371,2009,214254.02,214254.02,214254.02,2009-02-19
372,2009,96797.37,96797.37,96797.37,2009-09-06
373,2009,500000.0,500000.0,500000.0,2009-09-30
374,2009,37173.96,37173.96,37173.96,2009-08-17
375,2009,35969.76,35969.76,35969.76,2009-05-08
376,2009,287.25,287.25,287.25,2009-09-26
377,2009,947328.96,606927.17,2861399.68,2009-08-28
378,2009,86382.27,86382.27,86382.27,2009-05-18
379,2009,4287217.35,4287217.35,4287217.35,2009-02-13
380,2009,281135.0,281135.0,281135.0,2009-08-15
381,2009,3792828.16,3792828.16,3792828.16,2009-03-16
382,2009,122480.0,122480.0,122480.0,2009-08-19
383,2009,10015.53,10015.53,10015.53,2009-09-06
384,2009,465312.85,465312.85,465312.85,2009-08-29
385,2009,510744.27,510744.27,510744.27,2009-08-12
386,2009,189720.0,189720.0,189720.0,2009-06-06
387,2009,182256.72,182256.72,182256.72,2009-05-18
388,2009,114210.0,114210.0,114210.0,2009-04-22
389,2009,294893.0,294893.0,294893.0,2009-09-14
390,2009,98241.6,98241.6,98241.6,2009-09-10
391,2009,550000.0,550000.0,550000.0,2009-02-25
392,2009,3100000.0,3100000.0,3100000.0,2009-09-15
393,2009,61966.0,61966.0,61966.0,2009-07-14
394,2009,143476.2,143476.2,143476.2,2009-07-06
395,2009,2328151.26,2328151.26,2328151.26,2009-07-09
396,2009,20138.13,20138.13,20138.13,2009-07-13
397,2009,124661.86,124661.86,124661.86,2009-08-06
398,2009,280103.26,280103.26,280103.26,2009-06-26
399,2009,165177.05,165177.05,165177.05,2009-05-15
400,2009,343670.0,343670.0,343670.0,2009-03-18
401,2009,1906865.0,1906865.0,1906865.0,2009-09-30
402,2009,2535.61,2535.61,2535.61,2009-07-29
403,2009,1459513.2,1459513.2,1459513.2,2009-07-16
404,2009,602800.0,602800.0,602800.0,2009-04-15
405,2009,171169.5,171169.5,171169.5,2009-06-13
406,2009,86804.15,86804.15,86804.15,2009-05-18
407,2009,51594.99,51594.99,51594.99,2009-08-13
408,2009,5676330.04,5676330.04,5676330.04,2009-04-08
409,2009,24427.52,24427.52,24427.52,2009-09-25
410,2009,0.0,0.0,0.0,2009-01-13
411,2009,867467.88,867467.88,867467.88,2009-02-24
412,2009,367610.44,367610.44,367610.44,2009-06-02
413,2009,64203.48,64203.48,64203.48,2009-02-23
414,2009,1235824.0,635824.0,1235824.0,2009-04-20
415,2009,25484.62,25484.62,25484.62,2009-09-29
416,2009,44867.0,44867.0,44867.0,2009-09-15
417,2009,166390.5,166390.5,166390.5,2009-06-16
418,2009,569869.14,569869.14,569869.14,2009-04-22
419,2009,102819.36,102819.36,102819.36,2009-09-10
420,2009,450955.6,450955.6,450955.6,2009-09-15
421,2009,19707.0,19707.0,19707.0,2009-05-28
422,2009,245440.0,245440.0,245440.0,2009-06-20
423,2009,138443.4,138443.4,138443.4,2009-02-24
424,2009,36812.85,36812.85,36812.85,2009-05-18
425,2009,51991.73,51991.73,51991.73,2009-08-15
426,2009,1415217.12,1415217.12,1415217.12,2009-07-14
427,2009,1078000.0,1078000.0,1078000.0,2009-09-15
428,2009,589761.3,589761.3,589761.3,2009-06-16
429,2009,86485.07,86485.07,86485.07,2009-02-25
430,2009,4722891.58,4722891.58,4722891.58,2009-06-19
431,2009,49140.0,49140.0,49140.0,2009-05-27
432,2009,1300000.0,1300000.0,1300000.0,2009-07-29
433,2009,275750.4,275750.4,275750.4,2009-07-20
434,2009,142755.3,142755.3,142755.3,2009-09-01
435,2009,21042.4,21042.4,21042.4,2009-04-02
436,2009,689166.4,689166.4,689166.4,2009-09-18
437,2009,568458.0,568458.0,568458.0,2009-06-09
438,2009,116642.61,116642.61,116642.61,2009-05-18
439,2009,48398.69,48398.69,48398.69,2009-09-06
440,2009,5620846.72,5620846.72,5620846.72,2009-03-16
441,2009,999660.0,999660.0,999660.0,2009-09-18
442,2009,38833.9,38833.9,38833.9,2009-09-14
443,2009,65500.0,65500.0,65500.0,2009-01-14
444,2009,102149.45,102149.45,102149.45,2009-05-15
445,2009,76760.4,76760.4,76760.4,2009-07-23
446,2009,48562.5,48562.5,48562.5,2009-08-12
447,2009,154696927.0,65001068.0,154696927.0,2009-07-17
448,2009,3033837.66,3033837.66,3033837.66,2009-04-29
449,2009,45481.25,45481.25,45481.25,2009-09-15
450,2009,32128.1,32128.1,32128.1,2009-06-01
451,2009,7604.94,7604.94,7604.94,2009-05-28
452,2009,166208.0,166208.0,166208.0,2009-06-04
453,2009,66679.35,66679.35,66679.35,2009-05-18
454,2009,28228.3,28228.3,28228.3,2009-03-30
455,2009,84467.12,84467.12,84467.12,2009-05-18
456,2009,44055.46,44005.46,44055.46,2009-02-03
457,2009,36911.09,36911.09,36911.09,2009-01-26
458,2009,39664.96,39664.96,39664.96,2009-09-28
459,2009,49375.3,49375.3,49375.3,2009-08-11
460,2009,500000.0,500000.0,500000.0,2009-05-07
461,2009,132579.69,132579.69,132579.69,2009-05-14
462,2009,340851.23,340851.23,340851.23,2009-09-04
463,2009,54220.7,54220.7,54220.7,2009-07-22
464,2009,55979.2,55979.2,55979.2,2009-06-09
465,2009,506182.0,506182.0,506182.0,2009-02-20
466,2009,101431.93,101431.93,113647.24,2009-05-27
467,2009,130000.0,130000.0,130000.0,2009-09-11
468,2009,182241.2,182241.2,182241.2,2009-06-26
469,2009,5140.12,5140.12,5140.12,2009-09-17
470,2009,101022.39,101022.39,101022.39,2009-07-16
471,2009,118145.74,118145.74,118145.74,2009-08-27
472,2009,5485.73,5485.73,5485.73,2009-08-13
473,2009,681122.94,681122.94,681122.94,2009-08-04
474,2009,80993.94,80993.94,80993.94,2009-05-18
475,2009,226716.26,226716.26,226716.26,2009-08-13
476,2009,3323.5,3323.5,3323.5,2009-03-03
477,2009,117486.09,117486.09,117486.09,2009-05-18
478,2009,1979220.0,1979220.0,7941601.0,2009-09-30
479,2009,171465.4,171465.4,171465.4,2009-07-23
480,2009,34841.31,34841.31,34841.31,2009-01-08
481,2009,20000.0,20000.0,20000.0,2009-09-10
482,2009,219802.3,219802.3,219802.3,2009-09-30
483,2009,52501.58,52501.58,52501.58,2009-04-30
484,2009,59763.13,59763.13,59763.13,2009-07-07
485,2009,507124.37,507124.37,0.0,2009-02-27
486,2009,32986959.0,10570459.0,32986959.0,2009-07-10
487,2009,94886.65,94886.65,94886.65,2009-05-18
488,2009,83400.0,83400.0,83400.0,2009-09-14
489,2009,750000.0,750000.0,750000.0,2009-09-29
490,2009,7685.78,7685.78,7685.78,2009-03-25
491,2009,41501.94,41501.94,41501.94,2009-08-28
492,2009,64122.64,64122.64,64122.64,2009-08-12
493,2009,1273651.0,1273651.0,1273651.0,2009-08-29
494,2009,53995.2,53995.2,53995.2,2009-06-29
495,2009,405889.92,405889.92,405889.92,2009-06-27
496,2009,37173.96,37173.96,37173.96,2009-08-17
497,2009,120850.44,120850.44,120850.44,2009-09-06
498,2009,176933.0,176933.0,176933.0,2009-08-21
499,2009,63346.5,63346.5,63346.5,2009-02-10
500,2009,866534.4,866534.4,866534.4,2009-04-25
501,2009,3604148.4,3604148.4,3604148.4,2009-09-30
502,2009,801494.0,801494.0,0.0,2009-07-31
503,2009,41454.98,41454.98,41454.98,2009-08-17
504,2009,105136.0,105136.0,105136.0,2009-08-13
505,2009,839668.42,839668.42,839668.42,2009-06-09
506,2009,798853.98,798853.98,798853.98,2009-09-22
507,2009,211548.0,211548.0,0.0,2009-04-01
508,2009,295404.4,295404.4,295404.4,2009-04-15
509,2009,3338.51,3338.51,3338.51,2009-09-06
510,2009,70284.45,70284.45,70284.45,2009-04-28
511,2009,6775.59,6775.59,6775.59,2009-06-02
512,2009,42182.96,42182.96,42182.96,2009-07-31
513,2009,437801.31,437801.31,437801.31,2009-06-29
514,2009,24986.68,24986.68,24986.68,2009-03-26
515,2009,86938.56,86938.56,86938.56,2009-08-15
516,2009,86566.43,86566.43,86566.43,2009-08-15
517,2009,793398.0,793398.0,793398.0,2009-09-02
518,2009,793398.0,793398.0,793398.0,2009-09-02
519,2009,1837478.4,315144.72,1837478.4,2009-08-28
520,2009,6172.83,6172.83,6172.83,2009-07-15
521,2009,157209.5,157209.5,157209.5,2009-05-12
522,2009,5209000.0,5209000.0,5209000.0,2009-05-26
523,2009,875655.0,875655.0,875655.0,2009-07-28
524,2009,102962.86,102962.86,102962.86,2009-06-17
525,2009,5184.0,5184.0,5184.0,2009-09-11
526,2009,17227.23,17227.23,17227.23,2009-07-13
527,2009,11055.72,11055.72,11055.72,2009-07-31
528,2009,199792.0,199792.0,199792.0,2009-07-14
529,2009,731419.76,480000.0,3496274.41,2009-09-29
530,2009,11978.45,11978.45,11978.45,2009-06-09
531,2009,486381.0,486381.0,486381.0,2009-04-15
532,2009,1900000.0,1900000.0,1900000.0,2009-04-16
533,2009,2434383.5,2434383.5,2434383.5,2009-07-13
534,2009,8228.59,8228.59,8228.59,2009-08-13
535,2009,113633.8,113633.8,113633.8,2009-09-14
536,2009,820972.8,820972.8,820972.8,2009-09-21
537,2009,115024.0,115024.0,115024.0,2009-09-20
538,2009,9238.0,9238.0,9238.0,2009-08-18
539,2009,45040.52,45040.52,45040.52,2009-06-10
540,2009,86566.43,86566.43,86566.43,2009-08-17
541,2009,520857.58,520857.58,520857.58,2009-06-30
542,2009,27794.44,27794.44,27794.44,2009-02-09
543,2009,500000.0,500000.0,500000.0,2009-09-30
544,2009,48838.0,48838.0,3084201.0,2009-08-05
545,2009,159337.54,159337.54,159337.54,2009-05-08
546,2009,708838.09,708838.09,708838.09,2009-09-29
547,2009,4786781.19,4786781.19,4786781.19,2009-03-27
548,2009,32495.37,32495.37,32495.37,2009-07-06
549,2009,945000.0,945000.0,945000.0,2009-09-12
550,2009,851547.52,851547.52,851547.52,2009-09-15
551,2009,0.0,0.0,0.0,2009-06-15
552,2009,42182.96,42182.96,42182.96,2009-07-31
553,2009,68000.0,68000.0,68000.0,2009-08-11
554,2009,2124883.2,1150000.0,0.0,2009-09-28
555,2009,99975.04,99975.04,99975.04,2009-04-03
556,2009,223012.0,223012.0,223012.0,2009-09-09
557,2009,33510.34,33510.34,33510.34,2009-08-13
558,2009,78052.4,78052.4,78052.4,2009-08-17
559,2009,14653.35,14653.35,14653.35,2009-07-29
560,2009,38043.92,38043.92,38043.92,2009-07-27
561,2009,3962.51,3962.51,0.0,2009-01-13
562,2009,654904.8,654904.8,654904.8,2009-08-27
563,2009,525679.0,525679.0,525679.0,2009-07-06
564,2009,92792.93,92792.93,92792.93,2009-05-18
565,2009,88899.5,88899.5,88899.5,2009-06-30
566,2009,8744.27,8744.27,8744.27,2009-07-31
567,2009,779274.08,779274.08,779274.08,2009-08-18
568,2009,2434074.73,2434074.73,2434074.73,2009-04-02
569,2009,42056.49,42056.49,42056.49,2009-09-08
570,2009,209333.1,209333.1,209333.1,2009-09-06
571,2009,17000.0,17000.0,17000.0,2009-06-04
572,2009,1515780.0,385000.0,2447990.0,2009-03-11
573,2009,37173.96,37173.96,37173.96,2009-08-15
574,2009,98101.35,98101.35,98101.35,2009-05-29
575,2009,868684.12,868684.12,868684.12,2009-03-31
576,2009,111137.0,111137.0,111137.0,2009-04-15
577,2009,13300.0,13300.0,13300.0,2009-09-29
578,2009,225760.77,225760.77,225760.77,2009-03-31
579,2009,257261.0,257261.0,257261.0,2009-07-29
580,2009,302679.36,302679.36,302679.36,2009-08-18
581,2009,499900.6,499900.6,499900.6,2009-09-22
582,2009,2579582.33,2579582.33,2579582.33,2009-04-27
583,2009,8300.0,8300.0,8300.0,2009-03-30
584,2009,42090.24,42090.24,42090.24,2009-06-09
585,2009,5013.03,5013.03,5013.03,2009-06-06
586,2009,8734928.19,8734928.19,8734928.19,2009-09-25
587,2009,100000.0,100000.0,100000.0,2009-04-02
588,2009,211497.0,211497.0,211497.0,2009-03-16
589,2009,235000.0,235000.0,235000.0,2009-04-09
590,2009,13215059.89,13215059.89,13215059.89,2009-05-07
591,2009,45553.23,45553.23,45553.23,2009-08-28
592,2009,163642.0,163642.0,163642.0,2009-06-20
593,2009,240307.2,240307.2,240307.2,2009-01-09
594,2009,2878958.0,2878958.0,2878958.0,2009-07-10
595,2009,34290.0,34290.0,34290.0,2009-07-16
596,2009,46612183.0,6893388.0,46612183.0,2009-02-25
597,2009,40000.0,40000.0,40000.0,2009-06-09
598,2009,2887240.0,2887240.0,2887240.0,2009-09-21
599,2009,17941.26,17941.26,17941.26,2009-08-13
600,2009,67208.17,67208.17,67208.17,2009-07-08
601,2009,293625.06,293625.06,293625.06,2009-06-30
602,2009,56030.0,56030.0,56030.0,2009-07-22
603,2009,1705283.0,1705283.0,1705283.0,2009-09-21
604,2009,212429.28,212429.28,212429.28,2009-04-09
605,2009,440538.2,440538.2,440538.2,2009-06-03
606,2009,700000.0,700000.0,700000.0,2009-05-08
607,2009,9547.53,9547.53,9547.53,2009-07-24
608,2009,36350.0,36350.0,36350.0,2009-05-06
609,2009,20216000.0,1467000.0,20216000.0,2009-02-23
610,2009,52545.72,52545.72,52545.72,2009-08-15
611,2009,84365.91,84365.91,84365.91,2009-07-31
612,2009,1324304.68,700000.0,0.0,2009-04-28
613,2009,99739.29,99739.29,99739.29,2009-05-18
614,2009,333529.92,333529.92,333529.92,2009-03-19
615,2009,873308.89,873308.89,873308.89,2009-02-27
616,2010,3449864.0,1017549.2,14432192.0,2010-01-12
617,2010,17598.0,4399.5,17598.0,2010-01-26
618,2010,14457.6,14457.6,14457.6,2010-05-07
619,2010,1042442.89,1042442.89,0.0,2010-05-04
620,2010,6115.25,6115.25,0.0,2010-09-13
621,2010,49208.96,49208.96,49208.96,2010-02-12
622,2010,92169.0,92169.0,92169.0,2010-04-05
623,2010,82246.64,82246.64,82246.64,2010-07-22
624,2010,566399.64,566399.64,566399.64,2010-07-22
625,2010,61749.84,61749.84,61749.84,2010-03-23
626,2010,102225.0,102225.0,102225.0,2010-01-28
627,2010,97578.2,97578.2,97578.2,2010-01-13
628,2010,283671.2,283671.2,283671.2,2010-07-22
629,2010,176720.37,50000.0,176720.37,2010-05-12
630,2010,17160.0,17160.0,17160.0,2010-02-25
631,2010,123993.76,123993.76,123993.76,2010-01-29
632,2010,28485.44,28485.44,28485.44,2010-07-22
633,2010,1711397.36,1711397.36,0.0,2009-10-29
634,2010,34649.0,34649.0,34649.0,2010-05-07
635,2010,210255.28,210255.28,210255.28,2010-09-20
636,2010,1879058.25,1879058.25,0.0,2009-10-08
637,2010,2526148.0,823800.0,4997548.0,2010-02-22
638,2010,25000.0,25000.0,25000.0,2010-03-24
639,2010,686450.0,686450.0,0.0,2010-04-19
640,2010,1177709.56,1177709.56,1177709.56,2010-06-08
641,2010,407291.8,407291.8,407291.8,2010-04-19
642,2010,50792213.0,50792213.0,50792213.0,2010-04-26
643,2010,443984.86,443984.86,443984.86,2010-09-01
644,2010,26791.2,26791.2,26791.2,2010-07-21
645,2010,4209745.0,4209745.0,4209745.0,2010-04-30
646,2010,68949.26,68949.26,68949.26,2010-03-31
647,2010,154548.0,154548.0,0.0,2010-02-23
648,2010,44731.4,44731.4,44731.4,2010-07-22
649,2010,2771708.8,700427.2,2771708.8,2009-12-30
650,2010,34452.0,34452.0,34452.0,2009-10-26
651,2010,3335608.0,3335608.0,0.0,2010-02-22
652,2010,105379.23,105379.23,105379.23,2010-04-30
653,2010,60000.0,60000.0,60000.0,2010-01-30
654,2010,500000.0,500000.0,500000.0,2010-09-14
655,2010,1274.64,1274.64,1274.64,2009-10-06
656,2010,1368393.59,1368393.59,1368393.59,2010-09-29
657,2010,19884.56,19884.56,19884.56,2010-07-22
658,2010,15020782.4,7510391.2,15020782.4,2009-12-24
659,2010,4981.61,4981.61,4981.61,2009-11-25
660,2010,41040.0,41040.0,41040.0,2010-02-16
661,2010,70619.4,70619.4,70619.4,2010-07-22
662,2010,120173.84,120173.84,120173.84,2010-08-24
663,2010,52128.4,52128.4,52128.4,2010-03-16
664,2010,33879.0,33879.0,33879.0,2009-10-20
665,2010,820000.0,820000.0,820000.0,2009-12-09
666,2010,489204.84,489204.84,489204.84,2010-08-13
667,2010,350000.0,350000.0,350000.0,2010-07-09
668,2010,490680.0,150000.0,490680.0,2010-08-25
669,2010,53405.0,53405.0,53405.0,2010-06-16
670,2010,148700.4,148700.4,148700.4,2010-08-05
671,2010,1715520.0,170120.0,3499737.6,2010-02-26
672,2010,295116.17,295116.17,295116.17,2009-11-30
673,2010,5260488.0,5260488.0,5260488.0,2010-01-14
674,2010,5424201.17,5424201.17,5424201.17,2010-06-02
675,2010,15043.28,15043.28,15043.28,2010-09-16
676,2010,268928.3,268928.3,268928.3,2010-09-21
677,2010,40344.2,40344.2,40344.2,2010-06-04
678,2010,540839.2,540839.2,4720051.2,2010-09-17
679,2010,4750262.0,2393679.84,33275408.0,2010-06-30
680,2010,7222.32,0.0,7222.32,2009-10-14
681,2010,27871.57,27871.57,27871.57,2010-08-25
682,2010,560000.0,560000.0,560000.0,2010-01-27
683,2010,309638.4,0.0,309638.4,2010-09-30
684,2010,236260.0,236260.0,236260.0,2010-08-06
685,2010,122709.0,122709.0,563691.0,2010-02-24
686,2010,3957302.0,3957302.0,3957302.0,2010-09-30
687,2010,292107.01,292107.01,292107.01,2010-06-30
688,2010,4517244.0,4517244.0,0.0,2010-09-07
689,2010,438412.23,438412.23,438412.23,2010-02-16
690,2010,4395.0,4395.0,4395.0,2010-02-03
691,2010,105379.23,105379.23,105379.23,2010-04-30
692,2010,51843.56,51843.56,51843.56,2010-06-15
693,2010,81900.0,81900.0,81900.0,2009-10-30
694,2010,18233.17,18233.17,18233.17,2009-10-27
695,2010,3257.35,3257.35,3257.35,2009-10-27
696,2010,138780.1,138780.1,277560.2,2009-12-11
697,2010,2419992.16,2419992.16,2419992.16,2009-12-30
698,2010,11952536.0,11952536.0,11952536.0,2009-10-30
699,2010,0.0,0.0,49372.5,2009-10-30
700,2010,80.44,80.44,80.44,2009-10-29
701,2010,438412.23,438412.23,438412.23,2010-02-12
702,2010,57700.76,57700.76,57700.76,2010-02-01
703,2011,9707469.0,9707469.0,9707469.0,2011-09-15
704,2011,29636.28,29636.28,29636.28,2011-06-22
705,2011,1696947.0,1696947.0,1696947.0,2011-09-30
706,2011,729489.0,729489.0,729489.0,2011-04-25
707,2011,197928.0,197928.0,197928.0,2011-06-14
708,2011,113754.8,113754.8,113754.8,2011-08-25
709,2011,155077.5,155077.5,0.0,2010-10-01
710,2011,1371.83,1371.83,0.0,2010-10-27
711,2011,28444.0,28444.0,28444.0,2011-09-08
712,2011,1567.8,1567.8,0.0,2010-12-22
713,2011,111506.85,111506.85,0.0,2010-10-14
714,2011,358101.58,358101.58,358101.58,2010-11-23
715,2011,2096926.76,2096926.76,2096926.76,2010-12-07
716,2011,1254.24,1254.24,0.0,2010-10-27
717,2011,157455.0,157455.0,157455.0,2011-08-08
718,2011,463261.21,463261.21,463261.21,2011-02-25
719,2011,169000.0,169000.0,169000.0,2011-07-06
720,2011,152424.4,152424.4,152424.4,2011-02-25
721,2011,81630.19,81630.19,81630.19,2010-11-18
722,2011,4092550.0,2910885.9,17323730.0,2011-06-02
723,2011,7717.96,7717.96,7717.96,2011-09-28
724,2011,449120.48,449120.48,449120.48,2011-08-31
725,2011,155775.0,155775.0,0.0,2010-10-08
726,2011,28489.33,28489.33,28489.33,2011-06-22
727,2011,54600.0,54600.0,54600.0,2011-08-26
728,2011,1595421.48,1595421.48,1595421.48,2010-12-07
729,2011,38083.2,19041.6,0.0,2010-12-15
730,2011,5002040.21,5002040.21,5002040.21,2011-09-22
731,2011,483286.51,483286.51,483286.51,2011-02-17
732,2011,1772043.0,1772043.0,1772043.0,2011-01-03
733,2011,1359166.0,1350428.32,7138600.8,2011-06-13
734,2011,42262.5,42262.5,42262.5,2011-04-13
735,2011,286235.03,286235.03,286235.03,2011-09-27
736,2011,244061.0,244061.0,244061.0,2011-09-12
737,2011,13620.0,0.0,13620.0,2010-11-16
738,2011,3048891.0,3048891.0,3048891.0,2011-02-15
739,2011,99569.0,99569.0,99569.0,2011-06-21
740,2011,9417.19,9417.19,9417.19,2011-09-16
741,2011,143352.0,143352.0,143352.0,2011-01-19
742,2011,207379.2,207379.2,207379.2,2011-05-11
743,2011,51794.24,51794.24,51794.24,2011-08-16
744,2011,868784.0,868784.0,868784.0,2011-09-15
745,2011,759715.7,160000.0,759715.7,2011-07-13
746,2011,107644562.0,107644562.0,107644562.0,2011-04-22
747,2011,94262.02,94262.02,94262.02,2011-06-22
748,2011,44549.85,44549.85,44549.85,2011-08-09
749,2011,65000.0,65000.0,65000.0,2011-04-07
750,2011,1696947.0,1696947.0,1696947.0,2011-09-21
751,2011,328243.2,328243.2,328243.2,2011-04-06
752,2011,528016.0,528016.0,528016.0,2011-07-14
753,2011,1011357.0,1011357.0,1011357.0,2011-01-14
754,2011,8194.1,8194.1,0.0,2010-10-08
755,2011,4252000.0,4252000.0,4252000.0,2011-09-28
756,2011,613480.0,613480.0,613480.0,2011-09-29
757,2011,433126.0,433126.0,2376186.0,2011-08-01
758,2011,3616648.0,412000.0,4950000.0,2011-02-24
759,2011,9180757.85,9180757.85,9180757.85,2010-12-20
760,2011,55338.0,55338.0,55338.0,2011-09-19
761,2011,58483.75,58483.75,58483.75,2011-09-19
762,2011,328243.2,328243.2,328243.2,2011-04-06
763,2011,32252.54,32252.54,32252.54,2011-04-18
764,2011,357999.18,357999.18,357999.18,2011-03-08
765,2011,33739.44,33739.44,33739.44,2011-06-16
766,2011,115381.4,115381.4,115381.4,2010-12-21
767,2011,27819.5,27819.5,27819.5,2011-05-04
768,2012,2441576.65,2441576.65,2441576.65,2012-01-17
769,2012,21394.0,21394.0,21394.0,2011-12-28
770,2012,6136450.88,6136450.88,6136450.88,2011-12-02
771,2012,130617.97,130617.97,130617.97,2011-12-06
772,2012,402954.13,402954.13,402954.13,2011-12-06
773,2012,46410.0,46410.0,46410.0,2012-07-25
774,2012,53066.0,53066.0,53066.0,2012-06-27
775,2012,1452153.6,445713.6,7632921.6,2012-03-29
776,2012,900000.0,900000.0,900000.0,2012-09-28
777,2012,190863.18,190863.18,190863.18,2012-09-27
778,2012,7784.18,7784.18,7784.18,2012-03-08
779,2012,841769.0,841769.0,841769.0,2012-04-09
780,2012,12647154.93,12647154.93,12647154.93,2012-05-23
781,2012,113000.0,113000.0,113000.0,2012-06-22
782,2012,224801.19,224801.19,224801.19,2012-01-19
783,2012,6361.74,6361.74,6361.74,2012-08-29
784,2012,84900.0,84900.0,84900.0,2012-05-15
785,2012,4771493.6,4771493.6,4771493.6,2012-09-28
786,2012,24614.76,24614.76,24614.76,2012-02-15
787,2012,2556662.0,2556662.0,2556662.0,2012-09-25
788,2012,121689.35,121689.35,121689.35,2012-01-23
789,2012,1471861.52,1471861.52,1471861.52,2012-06-12
790,2012,46410.0,46410.0,46410.0,2012-07-25
791,2012,258036.48,258036.48,258036.48,2012-04-25
792,2012,514997.14,514997.14,514997.14,2012-04-05
793,2012,1168000.0,1168000.0,1168000.0,2012-02-08
794,2012,343229.64,343229.64,343229.64,2012-02-24
795,2012,617.99,617.99,617.99,2012-08-09
796,2012,98641581.99,98641581.99,98641581.99,2012-05-03
797,2012,183091.2,183091.2,183091.2,2012-03-30
798,2012,73019.97,73019.97,73019.97,2012-07-17
799,2012,1037696.39,1037696.39,9631955.79,2012-09-28
800,2012,250094.47,250094.47,250094.47,2012-09-28
801,2012,73453.61,73453.61,73453.61,2012-03-12
802,2012,58400.0,58400.0,58400.0,2012-04-24
803,2012,70083.0,70083.0,70083.0,2012-05-21
804,2012,602924.0,602924.0,602924.0,2012-07-30
805,2012,25592.0,25592.0,25592.0,2012-05-15
806,2012,13035.0,13035.0,13035.0,2012-07-09
807,2012,22429.7,22429.7,22429.7,2012-02-22
808,2012,5459452.65,1587062.25,15248365.39,2012-09-28
809,2012,2995641.0,2995641.0,2995641.0,2012-09-18
810,2012,109374.84,109374.84,109374.84,2012-05-31
811,2012,254644.0,254644.0,254644.0,2012-03-27
812,2012,1061182.18,1061182.18,1061182.18,2012-09-26
813,2012,100450.0,100450.0,100450.0,2012-02-23
814,2012,83122.43,83122.43,83122.43,2012-01-12
815,2012,997690.0,997690.0,997690.0,2012-02-01
816,2012,8195.0,8195.0,8195.0,2012-09-24
817,2012,148595.01,148595.01,148595.01,2012-02-09
818,2012,5000.0,5000.0,5000.0,2012-01-27
819,2012,69757.46,69757.46,69757.46,2012-03-30
820,2012,141623.48,141623.48,141623.48,2012-01-05
821,2012,3605668.0,3605668.0,3605668.0,2012-09-18
822,2012,215829.58,215829.58,215829.58,2012-09-26
823,2012,3020.84,3020.84,3020.84,2012-09-24
824,2012,18779.89,18779.89,18779.89,2012-08-10
825,2012,49763.1,49763.1,49763.1,2012-07-25
826,2012,6361.28,6361.28,6361.28,2012-03-08
827,2012,1235000.0,375000.0,1235000.0,2012-09-15
828,2012,59262.0,59262.0,59262.0,2012-05-15
829,2012,97200.0,97200.0,1260281.25,2012-09-27
830,2012,4000000.0,4000000.0,27110987.0,2012-09-26
831,2012,108000.0,108000.0,108000.0,2012-02-10
832,2013,91485.0,91485.0,91485.0,2013-05-01
833,2013,168521.9,168521.9,168521.9,2012-12-12
834,2013,79733.79,79733.79,79733.79,2012-11-06
835,2013,166596.34,166596.34,166596.34,2012-11-21
836,2013,75656.13,75656.13,75656.13,2012-11-06
837,2013,62321.92,62321.92,62321.92,2013-06-28
838,2013,42460.06,42460.06,42460.06,2013-07-08
839,2013,3654291.0,3654291.0,3654291.0,2013-09-26
840,2013,62380.0,62380.0,62380.0,2013-09-09
841,2013,159938.45,159938.45,159938.45,2013-05-17
842,2013,22500.0,22500.0,22500.0,2013-06-28
843,2013,28500.0,28500.0,28500.0,2013-09-11
844,2013,9240.0,9240.0,9240.0,2012-10-18
845,2013,343999.99,343999.99,343999.99,2013-07-26
846,2013,344721.0,344721.0,344721.0,2013-03-18
847,2013,1061830.8,1061830.8,3658932.2,2013-09-20
848,2013,110136.14,110136.14,110136.14,2013-06-05
849,2013,38658.69,38658.69,38658.69,2013-06-06
850,2013,28790.7,28790.7,28790.7,2013-04-24
851,2013,545104.0,545104.0,545104.0,2013-07-10
852,2013,275840.55,275840.55,275840.55,2013-04-01
853,2013,55550.07,55550.07,55550.07,2013-09-19
854,2013,9992113.46,9992113.46,9992113.46,2013-08-05
855,2013,1972652.55,1972652.55,1972652.55,2013-06-27
856,2013,55550.07,55550.07,55550.07,2013-09-19
857,2013,48900.0,48900.0,48900.0,2013-01-17
858,2013,283066.25,283066.25,283066.25,2013-08-23
859,2013,3766.26,3766.26,3766.26,2013-08-19
860,2013,147064.0,147064.0,147064.0,2013-02-22
861,2013,33324.5,33324.5,33324.5,2013-05-07
862,2013,99418.0,99418.0,99418.0,2013-04-30
863,2013,297046.04,297046.04,297046.04,2013-08-29
864,2013,20236.8,20236.8,20236.8,2013-08-20
865,2013,129125.0,129125.0,129125.0,2013-03-25
866,2013,3154200.0,1182825.0,12846769.6,2013-09-11
867,2013,21374.0,21374.0,21374.0,2013-01-03
868,2013,41915.04,41915.04,41915.04,2013-07-30
869,2013,200000.0,200000.0,200000.0,2013-02-05
870,2013,3974.0,3974.0,3974.0,2013-09-11
871,2013,16846.83,16846.83,16846.83,2013-09-12
872,2013,174972.28,174972.28,174972.28,2013-06-04
873,2013,47935.19,47935.19,47935.19,2013-01-22
874,2013,76672.01,76672.01,76672.01,2013-07-19
875,2013,9733196.92,9733196.92,9733196.92,2013-04-30
876,2013,17721.0,17721.0,17721.0,2013-04-10
877,2013,115181.6,115181.6,115181.6,2013-07-24
878,2013,185490.67,185490.67,185490.67,2013-09-26
879,2013,521007.64,521007.64,521007.64,2013-07-18
880,2013,52887.25,52887.25,52887.25,2013-09-13
881,2013,104591.93,104591.93,104591.93,2013-04-05
882,2013,86445.0,86445.0,86445.0,2013-05-31
883,2013,76672.01,76672.01,76672.01,2013-07-19
884,2013,24980.0,24980.0,24980.0,2013-08-23
885,2013,70017.6,70017.6,70017.6,2013-09-11
886,2013,221642.93,221642.93,221642.93,2013-09-24
887,2013,194532.32,194532.32,194532.32,2013-08-15
888,2013,97164.47,97164.47,97164.47,2013-07-01
889,2013,70191.34,70191.34,70191.34,2013-09-27
890,2013,32598.0,32598.0,32598.0,2013-06-14
891,2013,55551.55,55551.55,55551.55,2013-01-23
892,2013,164454.19,164454.19,164454.19,2013-04-05
893,2013,82316.12,82316.12,82316.12,2013-03-22
894,2013,91473.09,91473.09,91473.09,2013-04-05
895,2013,185953.5,185953.5,299407.5,2013-08-19
896,2013,156037.25,156037.25,156037.25,2013-01-10
897,2013,7600.0,7600.0,7600.0,2013-06-10
898,2013,84553.58,84553.58,84553.58,2013-03-19
899,2013,248001.46,248001.46,248001.46,2013-08-20
900,2013,7020.0,7020.0,7020.0,2013-09-12
901,2013,71784.29,71784.29,71784.29,2013-03-22
902,2013,49068.1,49068.1,49068.1,2013-05-06
903,2013,101364.71,101364.71,101364.71,2013-02-22
904,2013,8013912.33,8013912.33,8013912.33,2013-06-27
905,2013,177924.24,177924.24,177924.24,2013-09-09
906,2013,79965.41,79965.41,79965.41,2013-01-08
907,2013,216555.95,216555.95,216555.95,2013-05-07
908,2013,24472.8,24472.8,24472.8,2013-09-10
909,2013,810128.0,810128.0,810128.0,2013-09-27
910,2013,165847.5,165847.5,165847.5,2013-08-28
911,2013,53161.44,53161.44,285644.24,2013-06-28
912,2013,72923.03,72923.03,202764.37,2013-09-18
913,2013,211166.54,211166.54,211166.54,2013-05-02
914,2013,146295.29,146295.29,146295.29,2013-09-28
915,2013,416491.4,416491.4,416491.4,2013-06-21
916,2013,2997.46,2997.46,2997.46,2013-04-10
917,2013,43214.1,43214.1,43214.1,2013-01-23
918,2013,75897.8,75897.8,75897.8,2013-09-09
919,2013,175844.52,175844.52,175844.52,2013-09-30
920,2013,85737.0,85737.0,85737.0,2013-07-05
921,2013,2619610.0,2619610.0,2619610.0,2013-08-06
922,2013,459938.78,459938.78,459938.78,2013-01-15
923,2013,336280.0,336280.0,336280.0,2013-01-28
924,2013,2162.0,200.0,2162.0,2013-05-01
925,2013,42538.49,42538.49,42538.49,2013-02-01
926,2013,52007.79,52007.79,52007.79,2012-12-17
927,2013,85454.98,85454.98,85454.98,2013-09-10
928,2013,147064.0,147064.0,147064.0,2013-02-22
929,2013,40728.4,40728.4,40728.4,2013-06-13
930,2013,168521.9,168521.9,168521.9,2012-12-12
931,2013,1182000.0,1182000.0,1182000.0,2013-03-01
932,2013,20000.0,20000.0,20000.0,2012-12-12
933,2013,60000.0,60000.0,60000.0,2012-12-03
934,2013,107692.68,107692.68,107692.68,2013-08-21
935,2013,900256.0,900256.0,900256.0,2012-10-30
936,2014,3042420.05,3042420.05,3042420.05,2014-09-04
937,2014,160572.66,160572.66,160572.66,2014-09-08
938,2014,0.0,0.0,5000000.0,2014-09-24
939,2014,4078.0,4078.0,4078.0,2014-05-19
940,2014,14661.12,14661.12,14661.12,2014-08-18
941,2014,64091.75,64091.75,64091.75,2014-09-29
942,2014,156810.01,156810.01,156810.01,2014-09-17
943,2014,54554.87,54554.87,54554.87,2014-06-26
944,2014,58927.26,58927.26,58927.26,2014-09-30
945,2014,89375.28,89375.28,89375.28,2014-06-26
946,2014,96100.0,96100.0,96100.0,2014-03-18
947,2014,713411.78,713411.78,713411.78,2014-09-19
948,2014,100838.11,100838.11,100838.11,2014-04-16
949,2014,3795700.0,3795700.0,3795700.0,2014-09-30
950,2014,39354.2,39354.2,39354.2,2014-07-01
951,2014,4263372.49,4263372.49,27110986.0,2014-09-22
952,2014,9522.66,9522.66,9522.66,2013-11-05
953,2014,807071.09,807071.09,807071.09,2014-02-20
954,2014,511978.43,511978.43,511978.43,2014-04-04
955,2014,122449.59,122449.59,122449.59,2014-05-14
956,2014,59548.0,59548.0,59548.0,2014-05-15
957,2014,72435.31,72435.31,72435.31,2014-07-30
958,2014,10599.6,10599.6,10599.6,2014-09-16
959,2014,216555.95,216555.95,216555.95,2014-04-09
960,2014,113342.0,113342.0,538532.0,2014-08-18
961,2014,17047.23,17047.23,17047.23,2014-09-24
962,2014,953000.0,953000.0,953000.0,2014-01-08
963,2014,150982.69,150982.69,150982.69,2014-02-20
964,2014,38987.83,38987.83,38987.83,2014-06-12
965,2014,48900.0,48900.0,48900.0,2014-01-31
966,2014,199200.0,199200.0,1017035.52,2013-11-19
967,2014,902839.35,105708.0,4581339.05,2014-01-31
968,2014,51000.0,51000.0,51000.0,2014-09-17
969,2014,10000.0,10000.0,10000.0,2014-06-17
970,2014,90000.0,90000.0,90000.0,2014-04-29
971,2014,37500.0,37500.0,37500.0,2014-07-01
972,2014,501502.27,501502.27,501502.27,2013-10-21
973,2014,64069.43,64069.43,64069.43,2014-04-01
974,2014,331762.24,331762.24,331762.24,2014-02-03
975,2014,10717.76,10717.76,10717.76,2014-09-18
976,2014,56316.0,56316.0,56316.0,2014-09-08
977,2014,53464.86,53464.86,53464.86,2013-12-23
978,2014,12312.0,12312.0,12312.0,2014-09-10
979,2014,24873.21,24873.21,24873.21,2014-04-28
980,2014,46750.0,46750.0,46750.0,2014-09-25
981,2014,4039964.67,4039964.67,4039964.67,2014-08-27
982,2014,78115.77,78115.77,78115.77,2014-06-11
983,2014,185701.97,185701.97,185701.97,2013-10-01
984,2014,204500.0,204500.0,204500.0,2014-04-01
985,2014,112868.19,112868.19,112868.19,2014-05-02
986,2014,139000.0,139000.0,139000.0,2014-03-12
987,2014,2270000.0,2270000.0,2270000.0,2014-08-13
988,2014,12327103.0,12327103.0,12327103.0,2014-04-16
989,2014,142789.0,142789.0,142789.0,2014-07-24
990,2014,323536.91,323536.91,323536.91,2014-05-13
991,2014,53056.0,53056.0,159168.0,2014-09-17
992,2014,196089.0,196089.0,196089.0,2014-05-30
993,2014,995577.67,995577.67,995577.67,2014-06-17
994,2014,12500.0,12500.0,12500.0,2013-12-12
995,2014,174854.4,174854.4,174854.4,2014-09-16
996,2014,94723.53,94723.53,94723.53,2014-05-14
997,2014,12797.4,12797.4,12797.4,2014-08-19
998,2014,121484.43,121484.43,121484.43,2014-08-12
999,2014,23938.48,23938.48,23938.48,2014-02-17
1000,2014,256130.0,85375.45,1364776.4,2014-01-23
1001,2014,19999201.0,19999201.0,19999201.0,2014-09-30
1002,2014,24005987.13,24005987.13,24005987.13,2014-05-28
1003,2014,98464.8,98464.8,98464.8,2014-09-26
1004,2014,80872.66,80872.66,80872.66,2014-09-30
1005,2014,409726.35,409726.35,409726.35,2014-06-26
1006,2014,252846.56,126423.44,379270.0,2014-02-20
1007,2014,100209.4,100209.4,100209.4,2014-08-29
1008,2014,71800.0,71800.0,71800.0,2014-09-24
1009,2014,1681236.0,1681236.0,1681236.0,2014-09-30
1010,2014,2281605.6,2281605.6,2281605.6,2014-06-04
1011,2014,29454.96,29454.96,29454.96,2013-12-18
1012,2014,85414.0,85414.0,85414.0,2014-06-23
1013,2014,513291.92,513291.92,513291.92,2014-06-12
1014,2014,181300.02,181300.02,181300.02,2014-09-26
1015,2014,21627.17,21627.17,21627.17,2014-03-31
1016,2014,92639.23,92639.23,92639.23,2014-04-17
1017,2014,135428.59,135428.59,135428.59,2014-09-24
1018,2014,10070000.0,10070000.0,10070000.0,2014-01-03
1019,2014,360326.0,360326.0,360326.0,2014-02-21
1020,2014,204819.1,204819.1,204819.1,2014-06-25
1021,2014,798604.0,798604.0,798604.0,2014-06-23
1022,2014,198891.0,198891.0,198891.0,2014-09-30
1023,2014,5873543.76,5873543.76,5873543.76,2014-09-17
1024,2014,49247.68,49247.68,49247.68,2014-04-11
1025,2014,166950.0,166950.0,166950.0,2014-06-30
1026,2014,94310.42,94310.42,94310.42,2014-04-28
1027,2014,92282.41,92282.41,92282.41,2014-05-30
1028,2014,77688.64,77688.64,77688.64,2014-04-17
1029,2014,199.98,199.98,199.98,2014-09-29
1030,2014,329940.27,329940.27,329940.27,2014-06-25
1031,2014,243957.6,243957.6,731872.8,2014-07-01
1032,2014,1582657.0,1582657.0,13457452.0,2014-02-18
1033,2014,130833.98,130833.98,130833.98,2014-05-30
1034,2014,300000.0,300000.0,300000.0,2014-04-08
1035,2014,2678539.0,2678539.0,2678539.0,2014-08-29
1036,2014,53636715.0,53636715.0,53636715.0,2014-09-26
1037,2014,252882.19,252882.19,252882.19,2014-06-25
1038,2014,327642.57,327642.57,327642.57,2014-08-21
1039,2014,37245.35,37245.35,37245.35,2014-03-18
1040,2015,150185.0,150185.0,150185.0,2015-09-30
1041,2015,9516.23,9516.23,9516.23,2014-11-25
1042,2015,14609.82,14609.82,14609.82,2014-10-20
1043,2015,22723.61,22723.61,22723.61,2014-10-09
1044,2015,810128.0,810128.0,810128.0,2014-10-17
1045,2015,1199592.8,1199592.8,1199592.8,2014-10-31
1046,2015,6386.79,6386.79,6386.79,2014-11-17
1047,2015,479808.0,479808.0,479808.0,2014-11-19
1048,2015,5844.48,5844.48,5844.48,2014-10-27
1049,2015,375000.0,375000.0,375000.0,2014-10-22
1050,2015,250000.0,250000.0,250000.0,2014-11-17
1051,2015,31732.16,31732.16,31732.16,2014-12-23
1052,2015,262780.0,262780.0,262780.0,2015-09-17
1053,2015,118518.55,118518.55,118518.55,2015-09-30
1054,2015,1381614.0,1381614.0,1381614.0,2015-09-29
1055,2015,110000.0,110000.0,110000.0,2015-05-27
1056,2015,79891.11,79891.11,79891.11,2015-03-10
1057,2015,120220.7,120220.7,120220.7,2015-09-28
1058,2015,145824.6,145824.6,145824.6,2015-08-10
1059,2015,159090.07,159090.07,159090.07,2015-07-15
1060,2015,387151.63,387151.63,387151.63,2015-02-12
1061,2015,677227.01,677227.01,677227.01,2015-07-24
1062,2015,114833.88,114833.88,114833.88,2015-05-01
1063,2015,52998.95,52998.95,52998.95,2015-09-25
1064,2015,160010.28,160010.28,160010.28,2015-03-02
1065,2015,4627430.92,4627430.92,4627430.92,2015-09-03
1066,2015,1780140.0,1780140.0,1780140.0,2015-08-18
1067,2015,123967.12,123967.12,123967.12,2015-04-08
1068,2015,28171184.0,28171184.0,28171184.0,2015-07-16
1069,2015,222886.2,222886.2,222886.2,2015-05-14
1070,2015,12116.0,12116.0,12116.0,2015-08-27
1071,2015,180141.5,180141.5,180141.5,2015-08-27
1072,2015,133802.95,133802.95,133802.95,2015-09-30
1073,2015,356000.0,356000.0,356000.0,2015-04-23
1074,2015,10000.0,10000.0,10000.0,2015-09-02
1075,2015,59254.69,59254.69,59254.69,2015-09-29
1076,2015,6975.0,6975.0,6975.0,2015-06-11
1077,2015,7240.73,7240.73,7240.73,2015-07-29
1078,2015,1397427.2,1397427.2,7052385.6,2015-04-07
1079,2015,16077.89,16077.89,16077.89,2015-06-23
1080,2015,44701.28,44701.28,44701.28,2015-09-28
1081,2015,259274.88,259274.88,259274.88,2015-03-25
1082,2015,401600.0,401600.0,401600.0,2015-09-09
1083,2015,6933539.0,6933539.0,6933539.0,2015-09-30
1084,2015,883200.0,883200.0,2289600.0,2015-09-30
1085,2015,33144.48,33144.48,33144.48,2015-08-18
1086,2015,97534.2,97534.2,97534.2,2015-09-01
1087,2015,1301349.02,1301349.02,1301349.02,2015-09-23
1088,2015,397920.0,397920.0,397920.0,2015-08-21
1089,2015,138904.92,138904.92,138904.92,2015-05-14
1090,2015,9857.4,9857.4,9857.4,2015-04-17
1091,2015,520002.72,520002.72,520002.72,2015-05-28
1092,2015,42050.0,42050.0,42050.0,2015-09-30
1093,2015,31222.0,31222.0,31222.0,2015-06-11
1094,2015,13175.68,13175.68,13175.68,2015-09-22
1095,2015,153243.0,153243.0,153243.0,2015-07-07
1096,2015,19851765.32,19851765.32,19851765.32,2015-04-30
1097,2015,118437.48,118437.48,118437.48,2015-09-30
1098,2015,6605.17,6605.17,6605.17,2015-09-23
1099,2015,220960.8,220960.8,220960.8,2015-09-28
1100,2015,303350.0,303350.0,303350.0,2015-08-04
1101,2015,764000.8,764000.8,764000.8,2015-06-25
1102,2015,95778.0,95778.0,95778.0,2015-09-30
1103,2015,78122.0,78122.0,78122.0,2015-02-24
1104,2015,599420.0,599420.0,599420.0,2015-07-09
1105,2015,233596.44,233596.44,233596.44,2015-02-20
1106,2015,180000.0,0.0,180000.0,2015-09-24
1107,2015,176434.0,176434.0,176434.0,2015-07-21
1108,2015,350869.93,350869.93,350869.93,2015-09-30
1109,2015,2871497.0,2871497.0,2871497.0,2015-08-27
1110,2015,194019.3,194019.3,194019.3,2015-06-24
1111,2015,204395.4,204395.4,412869.6,2015-09-19
1112,2015,147988.05,147988.05,147988.05,2015-01-22
1113,2015,66212.16,66212.16,66212.16,2015-09-15
1114,2015,297713.19,297713.19,297713.19,2015-06-12
1115,2015,905207.0,905027.0,905207.0,2015-09-16
1116,2015,527000.0,527000.0,527000.0,2015-07-29
1117,2015,3196321.0,3196321.0,3196321.0,2015-09-30
1118,2015,671287.33,671287.33,671287.33,2015-01-08
1119,2015,4182932.0,4182932.0,4182932.0,2015-07-24
1120,2015,1276600.0,1276600.0,1276600.0,2015-03-04
1121,2015,2219412.55,2219412.55,2219412.55,2015-06-05
1122,2015,189530.05,189530.05,189530.05,2015-09-24
1123,2015,1568332.7,1568332.7,1568332.7,2015-09-30
1124,2015,764000.8,764000.8,764000.8,2015-04-01
1125,2015,339371.7,339371.7,339371.7,2015-09-24
1126,2015,10335.0,10335.0,10335.0,2015-09-03
1127,2015,3427543.31,3427543.31,3427543.31,2015-07-24
1128,2015,150185.0,150185.0,150185.0,2015-09-30
1129,2015,131447.48,131447.48,131447.48,2015-04-08
1130,2015,8013580.8,8013580.8,8013580.8,2015-04-24
1131,2015,727257.6,727257.6,727257.6,2015-09-28
1132,2015,353097.38,353097.38,353097.38,2015-09-18
1133,2015,44669.91,44669.91,44669.91,2015-03-09
1134,2015,342689.52,342689.52,342689.52,2015-06-04
1135,2015,2611931.15,2611931.15,2611931.15,2015-07-14
1136,2015,2716004.0,2716004.0,2716004.0,2015-01-29
1137,2015,56000.0,56000.0,56000.0,2015-09-16
1138,2015,56500.0,56500.0,56500.0,2015-05-06
1139,2015,13880.49,13880.49,13880.49,2015-09-04
1140,2015,246773.38,246773.38,246773.38,2015-07-24
1141,2015,201554.03,201554.03,201554.03,2015-02-05
1142,2015,13475.0,13475.0,13475.0,2015-09-28
1143,2015,53717.12,53717.12,53717.12,2015-09-30
1144,2015,494412.0,494412.0,494412.0,2015-08-25
1145,2015,246040.0,246040.0,246040.0,2015-08-28
1146,2015,67393.02,67393.02,67393.02,2015-09-28
1147,2015,4588.05,4588.05,4588.05,2015-09-11
1148,2015,145800.0,145800.0,145800.0,2015-01-27
1149,2015,108412.8,108412.8,108412.8,2015-08-26
1150,2015,249960.0,249960.0,249960.0,2015-08-06
1151,2015,1872150.0,1872150.0,1872150.0,2015-09-29
1152,2015,106807.23,106807.23,106807.23,2015-01-29
1153,2015,17806.2,17806.2,17806.2,2015-07-01
1154,2015,1664140.0,1664140.0,1664140.0,2015-01-22
1155,2015,8991531.09,8991531.09,8991531.09,2015-09-22
1156,2015,13475.0,13475.0,13475.0,2015-09-28
1157,2015,44544.42,44544.42,44544.42,2015-09-30
1158,2015,369708.0,369708.0,369708.0,2015-06-12
1159,2015,49478.08,49478.08,49478.08,2015-09-30
1160,2015,200800.0,200800.0,200800.0,2015-09-16
1161,2015,707000.23,707000.23,707000.23,2015-04-13
1162,2015,667783.0,667783.0,667783.0,2015-06-23
1163,2015,37350.75,37350.75,37350.75,2015-02-23
1164,2015,22607.06,22607.06,22607.06,2015-09-28
1165,2015,61107.2,61107.2,61107.2,2015-02-12
1166,2015,49165.0,49165.0,49165.0,2015-06-02
1167,2015,192262.72,192262.72,192262.72,2015-09-18
1168,2015,310975.0,310975.0,310975.0,2015-09-17
1169,2015,557525.64,557525.64,3054965.4,2015-01-30
1170,2015,68436.77,68436.77,68436.77,2015-09-30
1171,2015,3752497.44,3752497.44,3752497.44,2015-05-26
1172,2015,111462.04,111462.04,111462.04,2015-01-14
1173,2015,142650.0,142650.0,142650.0,2015-04-16
1174,2015,607295.56,607295.56,607295.56,2015-09-30
1175,2015,49765.26,49765.26,49765.26,2015-07-29
1176,2015,90300.0,90300.0,90300.0,2015-07-24
1177,2015,81757.94,81757.94,81757.94,2015-01-06
1178,2015,59544.57,59544.57,59544.57,2015-06-04
1179,2015,176734.8,176734.8,540896.4,2015-09-19
1180,2015,59974.84,59974.84,59974.84,2015-09-16
1181,2015,80872.66,80872.66,80872.66,2015-09-29
1182,2015,146997.0,146997.0,146997.0,2015-03-09
1183,2015,521300.0,521300.0,521300.0,2015-09-04
1184,2015,151655.21,151655.21,151655.21,2015-09-25
1185,2015,23280.48,23280.48,23280.48,2015-09-29
1186,2015,108807.23,108807.23,108807.23,2015-01-29
1187,2015,87358.6,87358.6,87358.6,2015-08-10
1188,2015,269618.0,269618.0,269618.0,2015-01-02
1189,2015,202641.17,202641.17,202641.17,2015-05-11
1190,2015,0.0,0.0,11312450.57,2015-09-28
1191,2016,479517.0,479517.0,479517.0,2016-03-10
1192,2016,32541.19,32541.19,32541.19,2016-06-30
1193,2016,4351.4,4351.4,4351.4,2016-03-31
1194,2016,4789.47,4789.47,4789.47,2016-07-08
1195,2016,129730.0,129730.0,129730.0,2016-07-20
1196,2016,1273550.0,1273550.0,1273550.0,2016-06-23
1197,2016,310810.0,310810.0,310810.0,2016-06-23
1198,2016,56000.0,56000.0,56000.0,2016-06-22
1199,2016,48366.43,48366.43,48366.43,2015-11-17
1200,2016,0.0,0.0,284440.0,2016-04-08
1201,2016,449999.98,449999.98,449999.98,2016-08-04
1202,2016,550000.0,550000.0,550000.0,2016-08-29
1203,2016,251860.64,251860.64,251860.64,2016-04-18
1204,2016,187866.0,187866.0,187866.0,2015-11-23
1205,2016,5452610.74,5452610.74,5452610.74,2016-07-15
1206,2016,63600.0,63600.0,63600.0,2016-08-30
1207,2016,446015.6,446015.6,446015.6,2016-07-26
1208,2016,30000.0,30000.0,30000.0,2016-08-03
1209,2016,290350.0,290350.0,290350.0,2016-09-08
1210,2016,3408500.0,3408500.0,3408500.0,2016-09-28
1211,2016,45100.0,45100.0,45100.0,2016-08-25
1212,2016,19634.39,19634.39,19634.39,2016-06-29
1213,2016,401544.78,401544.78,401544.78,2016-05-31
1214,2016,188430.0,188430.0,188430.0,2016-08-15
1215,2016,87243.38,87243.38,87243.38,2016-09-26
1216,2016,192412.2,192412.2,192412.2,2016-04-26
1217,2016,986472.41,986472.41,986472.41,2016-09-26
1218,2016,49000.0,49000.0,49000.0,2016-01-06
1219,2016,27500.0,27500.0,27500.0,2016-09-21
1220,2016,280085.6,280085.6,280085.6,2016-08-22
1221,2016,1479342.62,1479342.62,1479342.62,2016-06-14
1222,2016,165644.3,165644.3,165644.3,2015-12-11
1223,2016,211545.0,211545.0,211545.0,2016-06-23
1224,2016,4500000.0,4500000.0,4500000.0,2015-12-03
1225,2016,292665.49,292665.49,292665.49,2016-09-07
1226,2016,29996.96,29996.96,29996.96,2016-09-23
1227,2016,1450385.19,1450385.19,1450385.19,2016-06-30
1228,2016,22395.28,22395.28,22395.28,2016-04-25
1229,2016,640962.28,640962.28,640962.28,2016-08-19
1230,2016,719624.0,719624.0,719624.0,2016-09-30
1231,2016,80190.75,80190.75,80190.75,2016-05-09
1232,2016,866450.0,866450.0,866450.0,2016-06-23
1233,2016,5148.02,5148.02,5148.02,2016-04-27
1234,2016,57780.72,57780.72,57780.72,2016-09-30
1235,2016,122132.0,122132.0,122132.0,2016-04-18
1236,2016,26447.84,26447.84,26447.84,2015-12-22
1237,2016,1244564.46,1244564.46,1244564.46,2016-06-30
1238,2016,1797007.34,1797007.34,1797007.34,2016-06-08
1239,2016,37350.88,37350.88,37350.88,2016-05-09
1240,2016,265850.0,265850.0,265850.0,2016-06-29
1241,2016,4133099.9,4133099.9,4133099.9,2016-07-06
1242,2016,138464.64,138464.64,138464.64,2016-01-12
1243,2016,14002.4,14002.4,14002.4,2016-01-12
1244,2016,19043.64,19043.64,19043.64,2016-04-18
1245,2016,73400.0,73400.0,73400.0,2016-05-05
1246,2016,660328.34,660328.34,660328.34,2016-06-14
1247,2016,2113560.47,2113560.47,2113560.47,2016-06-14
1248,2016,169503.66,169503.66,169503.66,2016-02-04
1249,2016,70000.0,70000.0,70000.0,2016-08-29
1250,2016,537807.36,537807.36,537807.36,2015-12-18
1251,2016,539300.0,539300.0,539300.0,2016-06-23
1252,2016,28714.0,28714.0,28714.0,2016-09-17
1253,2016,1348497.38,1348497.38,1348497.38,2016-05-12
1254,2016,4635.0,4635.0,4635.0,2016-06-22
1255,2016,250000.0,250000.0,250000.0,2016-01-22
1256,2016,6178.88,6178.88,6178.88,2016-09-19
1257,2016,593701.73,593701.73,593701.73,2015-11-09
1258,2016,5578471.0,3264081.0,5578471.0,2016-06-20
1259,2016,5064.0,5064.0,5064.0,2016-03-31
1260,2016,237685.0,237685.0,237685.0,2016-06-23
1261,2016,223696.02,223696.02,223696.02,2016-04-27
1262,2016,458564.46,458564.46,458564.46,2016-06-30
1263,2016,964441.0,964441.0,964441.0,2016-06-27
1264,2016,44000.0,44000.0,44000.0,2016-01-07
1265,2016,422372.24,422372.24,422372.24,2016-08-26
1266,2016,20910.0,20910.0,20910.0,2016-04-07
1267,2016,75000.0,75000.0,75000.0,2016-03-13
1268,2016,36540.0,36540.0,36540.0,2015-12-29
1269,2016,8859.0,8859.0,8859.0,2016-05-12
1270,2016,85934.0,85934.0,85934.0,2016-02-24
1271,2016,33115.16,33115.16,33115.16,2015-12-11
1272,2016,805000.0,805000.0,805000.0,2016-06-30
1273,2016,194870.0,194870.0,194870.0,2016-06-27
1274,2016,60900.0,60900.0,60900.0,2016-08-03
1275,2016,52813.75,52813.75,52813.75,2016-05-17
1276,2016,2462175.0,2462175.0,2462175.0,2016-06-30
1277,2016,4798.27,4798.27,4798.27,2016-04-13
1278,2016,9800.0,9800.0,9800.0,2016-09-29
1279,2016,84320.48,84320.48,84320.48,2016-02-09
1280,2016,40212.4,40212.4,40212.4,2016-02-04
1281,2016,359162.07,359162.07,359162.07,2016-09-29
1282,2016,245000.0,245000.0,245000.0,2016-05-13
1283,2016,209222.4,209222.4,1559040.0,2016-06-30
1284,2016,1288352.48,1288352.48,1288352.48,2016-06-13
1285,2016,1133634.8,1133634.8,1133634.8,2016-09-02
1286,2016,185.0,185.0,185.0,2016-03-14
1287,2016,39148.8,39148.8,39148.8,2016-06-14
1288,2016,162085.0,162085.0,162085.0,2016-06-30
1289,2016,186126.5,186126.5,186126.5,2016-06-27
1290,2016,486170.29,486170.29,486170.29,2016-06-27
1291,2016,452250.0,452250.0,452250.0,2016-06-23
1292,2016,104480.0,104480.0,104480.0,2016-03-10
1293,2016,44558.0,44558.0,44558.0,2016-08-22
1294,2016,85585.72,85585.72,85585.72,2015-11-23
1295,2016,62500.0,62500.0,62500.0,2016-09-26
1296,2016,12531.2,12531.2,12531.2,2016-02-10
1297,2016,37955.04,37955.04,37955.04,2016-08-30
1298,2016,7700.0,7700.0,7700.0,2016-08-31
1299,2016,17218.67,17218.67,17218.67,2016-08-10
1300,2016,626900.0,626900.0,626900.0,2016-06-27
1301,2016,19675.0,19675.0,19675.0,2016-09-21
1302,2016,1299398.38,1299398.38,1299398.38,2016-04-29
1303,2016,866900.0,866900.0,866900.0,2016-06-22
1304,2016,230630.62,230630.62,230630.62,2016-06-27
1305,2016,51700.0,51700.0,51700.0,2016-08-09
1306,2016,1572524.0,1572524.0,1572524.0,2016-06-29
1307,2016,142443.0,142443.0,142443.0,2016-04-18
1308,2016,5710165.88,5710165.88,5710165.88,2016-09-27
1309,2016,74042.92,74042.92,74042.92,2016-02-09
1310,2016,312560.0,312560.0,312560.0,2016-06-30
1311,2016,1155853.67,1155853.67,1155853.67,2015-12-17
1312,2016,2760729.48,2760729.48,2760729.48,2016-09-16
1313,2016,249960.0,249960.0,249960.0,2016-06-23
1314,2016,8590.23,8590.23,8590.23,2015-11-02
1315,2016,1209.2,1209.2,1209.2,2016-02-19
1316,2016,818977.5,818977.5,3357108.0,2016-03-23
1317,2016,124704.0,124704.0,124704.0,2016-07-05
1318,2016,29547.01,29547.01,29547.01,2016-04-29
1319,2016,25030.61,25030.61,25030.61,2016-09-08
1320,2016,76194.3,76194.3,76194.3,2016-08-16
1321,2016,910395.14,910395.14,910395.14,2016-06-21
1322,2016,1225461.07,1225461.07,4163566.95,2016-08-08
1323,2016,22651.11,22651.11,22651.11,2016-08-22
1324,2017,6410.0,6410.0,6410.0,2016-12-30
1325,2017,8690.0,8690.0,8690.0,2016-11-04
1326,2017,65828.99,65828.99,65828.99,2016-12-09
1327,2017,7266.48,7266.48,7266.48,2016-12-01
1328,2017,7385.5,7385.5,7385.5,2016-12-08
1329,2017,4184.58,4184.58,4184.58,2016-12-21
1330,2017,1187400.0,1187400.0,1187400.0,2016-10-20
1331,2017,8231.3,8231.3,8231.3,2016-12-30
1332,2017,154298.8,154298.8,154298.8,2016-12-30
1333,2017,370403.65,370403.65,370403.65,2016-12-29
1334,2017,5220.0,5220.0,5220.0,2016-11-30
1335,2017,275000.0,275000.0,275000.0,2016-11-07
1336,2017,299373.41,299373.41,299373.41,2016-10-01
1337,2017,52542.0,52542.0,52542.0,2016-11-14
1338,2017,1026800.0,1026800.0,1026800.0,2016-11-07
1339,2017,685000.0,685000.0,685000.0,2016-12-21
1340,2017,1642010.04,1642010.04,1642010.04,2017-09-29
1341,2017,22595.0,22595.0,22595.0,2017-01-27
1342,2017,348740.0,348740.0,348740.0,2017-06-01
1343,2017,7650.5,7650.5,7650.5,2017-06-22
1344,2017,8760.0,8760.0,8760.0,2017-09-25
1345,2017,366343.75,366343.75,366343.75,2017-04-18
1346,2017,51086.24,51086.24,51086.24,2017-09-29
1347,2017,1171681.3,1171681.3,1171681.3,2017-03-17
1348,2017,31377.2,31377.2,31377.2,2017-03-21
1349,2017,58695.0,58695.0,58695.0,2017-06-13
1350,2017,611042.5,611042.5,611042.5,2017-05-05
1351,2017,4011.9,4011.9,4011.9,2017-09-12
1352,2017,326.66,326.66,326.66,2017-05-23
1353,2017,9066.67,9066.67,9066.67,2017-03-12
1354,2017,35798.09,35798.09,35798.09,2017-05-05
1355,2017,20333.44,20333.44,20333.44,2017-09-21
1356,2017,5000.0,5000.0,5000.0,2017-09-28
1357,2017,9180.0,9180.0,9180.0,2017-06-23
1358,2017,13170.8,13170.8,13170.8,2017-09-28
1359,2017,245800.0,245800.0,245800.0,2017-03-08
1360,2017,926300.0,926300.0,926300.0,2017-06-22
1361,2017,10000000.0,10000000.0,21974247.05,2017-02-24
1362,2017,15162500.92,15162500.92,15162500.92,2017-09-21
1363,2017,3379.72,3379.72,3379.72,2017-06-19
1364,2017,18715.0,18715.0,18715.0,2017-08-01
1365,2017,1670831.04,1.0,1670831.04,2017-03-08
1366,2017,925850.0,925850.0,925850.0,2017-06-13
1367,2017,211460.0,211460.0,211460.0,2017-06-23
1368,2017,5217514.96,5217514.96,5217514.96,2017-09-27
1369,2017,198500.0,198500.0,198500.0,2017-09-25
1370,2017,216600.0,216600.0,216600.0,2017-04-17
1371,2017,979.08,979.08,979.08,2017-06-22
1372,2017,56329.0,56329.0,56329.0,2017-03-08
1373,2017,30789.6,30789.6,30789.6,2017-08-29
1374,2017,70262.61,70262.61,70262.61,2017-09-27
1375,2017,10000.0,10000.0,10000.0,2017-09-06
1376,2017,501852.0,501852.0,501852.0,2017-06-22
1377,2017,4850000.0,4850000.0,4850000.0,2017-07-12
1378,2017,107412.49,107412.49,107412.49,2017-09-25
1379,2017,14235.0,14235.0,14235.0,2017-01-18
1380,2017,1604200.0,1604200.0,1604200.0,2017-09-28
1381,2017,30087.66,30087.66,30087.66,2017-09-25
1382,2017,23630.0,23630.0,23630.0,2017-09-18
1383,2017,144017.0,144017.0,144017.0,2017-03-21
1384,2017,406191.51,406191.51,406191.51,2017-02-15
1385,2017,3984809.0,3984809.0,3984809.0,2017-09-27
1386,2017,9140.0,9140.0,9140.0,2017-08-29
1387,2017,7176.0,7176.0,7176.0,2017-09-30
1388,2017,84162.5,84162.5,84162.5,2017-02-24
1389,2017,10018377.0,10018377.0,10018377.0,2017-08-31
1390,2017,68460.0,68460.0,68460.0,2017-03-30
1391,2017,249305.0,249305.0,249305.0,2017-06-22
1392,2017,1499375.0,1499375.0,1499375.0,2017-01-31
1393,2017,711872.39,711872.39,711872.39,2017-09-29
1394,2017,25725.0,25725.0,25725.0,2017-07-27
1395,2017,31762.0,31762.0,31762.0,2017-03-10
1396,2017,2996800.0,2996800.0,2996800.0,2017-06-22
1397,2017,5227.0,5227.0,5227.0,2017-03-22
1398,2017,99982.43,99982.43,99982.43,2017-09-27
1399,2017,115353.74,115353.74,115353.74,2017-02-23
1400,2017,30000.0,30000.0,30000.0,2017-07-17
1401,2017,61798.96,61798.96,61798.96,2017-03-28
1402,2017,86634.0,86634.0,86634.0,2017-09-25
1403,2017,60840.0,60840.0,60840.0,2017-02-28
1404,2017,807862.2,807862.2,807862.2,2017-08-31
1405,2017,49989.5,49989.5,49989.5,2017-09-29
1406,2017,249960.0,249960.0,249960.0,2017-06-13
1407,2017,366180.0,366180.0,366180.0,2017-08-24
1408,2017,21350.0,21350.0,21350.0,2017-06-26
1409,2017,15546.58,15546.58,15546.58,2017-08-29
1410,2017,36314.4,36314.4,36314.4,2017-08-29
1411,2017,6690.0,6690.0,6690.0,2017-07-17
1412,2017,23390.56,23390.56,23390.56,2017-02-08
1413,2017,265850.0,265850.0,265850.0,2017-09-18
1414,2017,187625.0,187625.0,187625.0,2017-06-23
1415,2017,18860783.48,18860783.48,18860783.48,2017-04-25
1416,2017,145626.49,145626.49,145626.49,2017-08-23
1417,2017,17996.07,17996.07,17996.07,2017-06-08
1418,2017,56000.0,56000.0,56000.0,2017-06-26
1419,2017,106021.27,106021.27,106021.27,2017-01-12
1420,2017,5850.0,5850.0,5850.0,2017-08-24
1421,2017,22307.67,22307.67,22307.67,2017-09-15
1422,2017,593311.84,593311.84,593311.84,2017-02-14
1423,2017,3028622.0,3028622.0,3028622.0,2017-06-15
1424,2017,227100.0,227100.0,227100.0,2017-09-18
1425,2017,4706473.09,4706473.09,4706473.09,2017-03-31
1426,2017,2155268.3,2155268.3,2155268.3,2017-08-30
1427,2017,231408.45,231408.45,231408.45,2017-08-23
1428,2017,19950.97,19950.97,19950.97,2017-08-08
1429,2017,742060.0,742060.0,742060.0,2017-06-23
1430,2017,85400.0,85400.0,85400.0,2017-09-18
1431,2017,237685.0,237685.0,237685.0,2017-06-22
1432,2017,390000.0,390000.0,390000.0,2017-09-29
1433,2017,110724.29,110724.29,110724.29,2017-01-30
1434,2017,7312.0,7312.0,7312.0,2017-08-29
1435,2017,149797.5,149797.5,149797.5,2017-07-26
1436,2017,686871.58,686871.58,686871.58,2017-07-28
1437,2017,328100.0,328100.0,328100.0,2017-09-29
1438,2017,3735587.02,3735587.02,3735587.02,2017-03-31
1439,2017,181270.92,181270.92,181270.92,2017-04-17
1440,2017,461700.0,461700.0,461700.0,2017-06-28
1441,2017,190950.0,190950.0,190950.0,2017-01-06
1442,2017,230465.52,230465.52,230465.52,2017-07-10
1443,2017,328387.83,328387.83,328387.83,2017-09-29
1444,2017,16247271.43,16247271.43,16247271.43,2017-03-29
1445,2017,89524.44,89524.44,89524.44,2017-06-14
1446,2017,4418.0,4418.0,4418.0,2017-08-07
1447,2017,16858.54,16858.54,16858.54,2017-06-28
1448,2017,76450.0,76450.0,76450.0,2017-09-13
1449,2017,4480.0,4480.0,4480.0,2017-03-09
1450,2017,312340.0,312340.0,312340.0,2017-09-26
1451,2017,6303234.8,6303234.8,6303234.8,2017-06-08
1452,2017,60900.0,60900.0,60900.0,2017-06-23
1453,2017,367650.0,367650.0,367650.0,2017-06-13
1454,2017,99000.0,99000.0,99000.0,2017-08-29
1455,2017,791362.0,791362.0,791362.0,2017-09-28
1456,2017,15197.0,15197.0,15197.0,2017-08-31
1457,2017,5380442.7,5380442.7,5380442.7,2017-09-14
1458,2018,550652.0,550652.0,550652.0,2018-06-22
1459,2018,5160.0,5160.0,5160.0,2018-03-20
1460,2018,81142.0,81142.0,81142.0,2018-07-19
1461,2018,37811.0,37811.0,37811.0,2018-09-28
1462,2018,61071.39,61071.39,61071.39,2018-05-08
1463,2018,191016.96,191016.96,191016.96,2018-09-28
1464,2018,217856.0,217856.0,217856.0,2018-06-22
1465,2018,858524.15,858524.15,858524.15,2018-09-13
1466,2018,230090.53,0.0,230090.53,2018-08-29
1467,2018,388400.0,388400.0,388400.0,2018-06-22
1468,2018,981.5,981.5,981.5,2018-09-24
1469,2018,439073.65,439073.65,439073.65,2018-09-28
1470,2018,27755.0,27755.0,27755.0,2018-03-12
1471,2018,11280.35,11280.35,11280.35,2018-08-31
1472,2018,14690.0,14690.0,148930.0,2018-04-12
1473,2018,165590.0,165590.0,165590.0,2018-09-11
1474,2018,52614.8,52614.8,52614.8,2018-09-21
1475,2018,7599.94,7599.94,7599.94,2018-06-15
1476,2018,474729.38,474729.38,474729.38,2018-09-29
1477,2018,8292622.0,8292622.0,8292622.0,2018-07-26
1478,2018,5272533.8,5272533.8,5272533.8,2018-03-27
1479,2018,61945.88,61945.88,61945.88,2018-06-20
1480,2018,62720.0,62720.0,62720.0,2018-06-22
1481,2018,84832.9,84832.9,84832.9,2018-09-29
1482,2018,23642.9,23642.9,23642.9,2018-08-02
1483,2018,2129862.58,2129862.58,2129862.58,2018-03-29
1484,2018,286776.21,286776.21,286776.21,2018-09-28
1485,2018,8000.0,8000.0,8000.0,2018-04-02
1486,2018,11965.6,11965.6,11965.6,2018-09-05
1487,2018,0.0,0.0,185946.86,2018-08-16
1488,2018,654860.0,654860.0,654860.0,2018-06-23
1489,2018,4000.0,4000.0,4000.0,2018-09-18
1490,2018,3238936.0,3238936.0,3238936.0,2018-03-13
1491,2018,11340.0,11340.0,11340.0,2018-06-08
1492,2018,867871.56,867871.56,867871.56,2018-07-16
1493,2018,132482.1,132482.1,132482.1,2018-09-28
1494,2018,475500.0,475500.0,475500.0,2018-06-22
1495,2018,784043.71,784043.71,784043.71,2018-09-28
1496,2018,10862191.2,10862191.2,10862191.2,2018-07-26
1497,2018,14757.61,14757.61,14757.61,2018-09-28
1498,2018,3141656.0,3141656.0,3141656.0,2018-06-22
1499,2018,36258185.26,36258185.26,46393385.71,2018-09-28
1500,2018,2539.0,2539.0,2539.0,2018-09-28
1501,2018,175048.0,175048.0,175048.0,2018-07-12
1502,2018,142572.0,142572.0,142572.0,2018-06-22
1503,2018,4298.0,4298.0,4298.0,2018-06-07
1504,2018,22456.4,22456.4,22456.4,2018-03-14
1505,2018,78898.32,78898.32,78898.32,2018-09-25
1506,2018,3112.92,3112.92,3112.92,2018-07-16
1507,2018,5610.0,5610.0,5610.0,2018-07-12
1508,2018,418300.0,418300.0,418300.0,2018-08-27
1509,2018,826.0,826.0,826.0,2018-06-12
1510,2018,1750212.62,1750212.62,1750212.62,2018-09-13
1511,2018,573397.0,573397.0,573397.0,2018-09-26
1512,2018,135071.46,135071.46,135071.46,2018-04-12
1513,2018,686037.75,686037.75,686037.75,2018-05-14
1514,2018,1072367.28,1072367.28,1072367.28,2018-07-26
1515,2018,1420993.6,1420993.6,1420993.6,2018-05-03
1516,2018,4310.0,4310.0,4310.0,2018-09-14
1517,2018,14720.0,14720.0,14720.0,2018-01-12
1518,2018,999240.0,999240.0,999240.0,2018-06-22
1519,2018,190000.0,190000.0,190000.0,2018-07-10
1520,2018,329680.0,329680.0,329680.0,2018-06-22
1521,2018,26447154.0,26447154.0,26447154.0,2018-04-19
1522,2018,6400138.0,3733414.0,6400138.0,2018-06-01
1523,2018,845000.0,845000.0,845000.0,2018-06-22
1524,2018,926200.0,926200.0,926200.0,2018-06-22
1525,2018,810128.0,810128.0,810128.0,2018-09-12
1526,2018,3393537.93,3393537.93,3393537.93,2018-09-28
1527,2018,15420.0,15420.0,15420.0,2018-05-02
1528,2018,57680.0,57680.0,57680.0,2018-06-22
1529,2018,18240.0,18240.0,18240.0,2017-12-19
1530,2018,2758810.0,2758810.0,2758810.0,2018-06-22
1531,2018,49613.74,49613.74,49613.74,2018-09-28
1532,2018,28691.0,28691.0,28691.0,2018-09-25
1533,2018,300000.0,300000.0,300000.0,2018-09-27
1534,2018,2408247.36,2408247.36,2408247.36,2018-02-26
1535,2018,31350.0,31350.0,31350.0,2018-08-27
1536,2018,254956.0,254956.0,254956.0,2018-06-22
1537,2018,359354.0,359354.0,1796770.0,2018-04-20
1538,2018,102632.0,102632.0,102632.0,2018-07-03
1539,2018,18069.16,18069.16,18069.16,2018-09-26
1540,2018,3410769.45,3410769.45,3410769.45,2018-07-26
1541,2018,148800.0,148800.0,148800.0,2018-09-24
1542,2018,791505.0,791505.0,791505.0,2017-11-15
1543,2018,170000.0,170000.0,170000.0,2018-06-19
1544,2018,13862.96,13862.96,13862.96,2018-06-13
1545,2018,21878.0,21878.0,21878.0,2018-01-09
1546,2018,3620.0,3620.0,3620.0,2018-02-16
1547,2018,39975.0,39975.0,39975.0,2018-05-29
1548,2018,4444880.23,4444880.23,4444880.23,2018-01-30
1549,2018,2499999.0,2499999.0,2499999.0,2018-04-09
1550,2018,4082.4,4082.4,4082.4,2017-11-09
1551,2018,65765.24,65765.24,65765.24,2017-11-22
1552,2018,833375.0,833375.0,833375.0,2017-11-15
1553,2018,800625.0,800625.0,800625.0,2017-11-15
1554,2018,48364.0,48364.0,48364.0,2018-09-29
1555,2018,32068.0,32068.0,63387.0,2017-12-07
1556,2018,27000.0,27000.0,27000.0,2017-11-06
1557,2018,30000.0,30000.0,30000.0,2017-12-28
1558,2018,372222.16,372222.16,1116666.48,2017-12-12
1559,2018,342663.42,342663.42,342663.42,2017-10-19
1560,2018,113575.0,113575.0,113575.0,2017-11-02
1561,2018,42000.0,42000.0,42000.0,2017-12-08
1562,2018,350000.0,350000.0,350000.0,2017-11-06
1563,2018,5481.9,5481.9,5481.9,2018-07-11
1564,2018,2965.5,2965.5,2965.5,2018-06-06
1565,2018,23050.0,23050.0,23050.0,2018-09-29
1566,2018,100950.0,100950.0,100950.0,2018-04-10
1567,2018,209642.22,209642.22,209642.22,2018-09-24
1568,2018,334415.07,334415.07,334415.07,2018-09-27
1569,2018,86113.35,86113.35,86113.35,2018-01-30
1570,2018,88901.04,88901.04,88901.04,2018-07-27
1571,2018,831120.0,831120.0,831120.0,2018-06-22
1572,2018,68839.31,68839.31,68839.31,2018-01-12
1573,2019,180240.0,180240.0,180240.0,2019-06-20
1574,2019,7584.0,7584.0,7584.0,2019-06-03
1575,2019,1275000.0,1275000.0,3825000.0,2019-09-30
1576,2019,13838.4,13838.4,13838.4,2019-08-14
1577,2019,250945.4,250945.4,250945.4,2019-03-28
1578,2019,512498.4,512498.4,512498.4,2019-09-25
1579,2019,11270.0,11270.0,11270.0,2019-09-27
1580,2019,673000.0,673000.0,673000.0,2019-07-08
1581,2019,167200.0,167200.0,167200.0,2019-05-07
1582,2019,59796.96,59796.96,59796.96,2019-03-05
1583,2019,4130863.55,1040215.89,4130863.55,2019-07-19
1584,2019,12500.0,12500.0,12500.0,2019-08-22
1585,2019,309000.0,309000.0,309000.0,2019-09-18
1586,2019,15458.88,15458.88,15458.88,2019-06-10
1587,2019,18562.0,18562.0,18562.0,2019-05-20
1588,2019,742087.82,742087.82,742087.82,2019-04-29
1589,2019,64600.0,64600.0,64600.0,2019-06-21
1590,2019,3735.0,3735.0,3735.0,2019-04-15
1591,2019,12771.57,12771.57,12771.57,2019-04-04
1592,2019,486754.55,486754.55,486754.55,2019-08-15
1593,2019,1010600.0,1010600.0,1010600.0,2019-06-20
1594,2019,15847.3,15847.3,15847.3,2019-05-15
1595,2019,260668.88,0.0,260668.88,2019-09-23
1596,2019,11650.41,11650.41,11650.41,2019-05-28
1597,2019,87350.0,87350.0,87350.0,2019-07-08
1598,2019,3655385.0,1000000.0,3655385.0,2019-08-30
1599,2019,245000.0,245000.0,245000.0,2019-06-21
1600,2019,17687.52,17687.52,17687.52,2019-05-24
1601,2019,790.0,790.0,790.0,2018-11-30
1602,2019,435000.0,435000.0,435000.0,2018-12-14
1603,2019,146860.0,146860.0,146860.0,2019-06-20
1604,2019,1675000.0,837958.0,1675000.0,2018-11-19
1605,2019,19695.0,19695.0,19695.0,2019-05-15
1606,2019,86527.17,86527.17,86527.17,2019-06-25
1607,2019,1481839.82,1481839.82,1481839.82,2019-09-12
1608,2019,4924805.68,1231201.42,4924805.68,2018-11-06
1609,2019,2247521.0,1104104.0,2247521.0,2018-11-08
1610,2019,580631.04,580631.04,2727480.61,2018-11-09
1611,2019,159730.95,159730.95,159730.95,2019-04-01
1612,2019,2970.89,2970.89,2970.89,2019-02-25
1613,2019,217380.0,217380.0,217380.0,2019-06-20
1614,2019,758000.0,758000.0,758000.0,2019-06-20
1615,2019,15741.0,15741.0,15741.0,2019-05-14
1616,2019,3580406.59,3580406.59,3580406.59,2019-03-18
1617,2019,4545.26,4545.26,4545.26,2019-03-14
1618,2019,100000.0,100000.0,100000.0,2019-09-11
1619,2019,450880.0,450880.0,450880.0,2019-05-09
1620,2019,60608.0,60608.0,60608.0,2019-09-11
1621,2019,25181.7,25181.7,25181.7,2019-04-16
1622,2019,9923.88,9923.88,9923.88,2019-04-01
1623,2019,3612.38,3612.38,3612.38,2019-03-11
1624,2019,3962.7,3962.7,3962.7,2019-07-29
1625,2019,369304.64,369304.64,369304.64,2019-08-22
1626,2019,1088814.6,1088814.6,1088814.6,2019-09-29
1627,2019,262530.0,262530.0,262530.0,2019-07-08
1628,2019,23208.0,23208.0,23208.0,2019-08-06
1629,2019,623261.64,155815.41,623261.64,2018-11-29
1630,2019,12804.0,12804.0,12804.0,2019-08-23
1631,2019,33326.61,33326.61,33326.61,2019-09-26
1632,2019,571240.0,571240.0,571240.0,2019-07-08
1633,2019,3145000.0,3145000.0,3145000.0,2019-06-21
1634,2019,547313.17,547313.17,547313.17,2019-01-04
1635,2019,19263.18,19263.18,19263.18,2019-07-18
1636,2019,13801.46,13801.46,13801.46,2019-09-20
1637,2019,147879.12,147879.12,147879.12,2019-04-11
1638,2019,702111.81,702111.81,702111.81,2019-07-17
1639,2019,29409.73,29409.73,29409.73,2019-04-01
1640,2019,59400.0,59400.0,59400.0,2019-06-20
1641,2019,458938.0,458938.0,458938.0,2018-12-07
1642,2019,21470.0,21470.0,21470.0,2019-06-28
1643,2019,13138403.2,3284600.8,13138403.2,2019-07-19
1644,2019,46750.0,46750.0,46750.0,2019-08-27
1645,2019,5810.0,5810.0,5810.0,2019-09-18
1646,2019,425178.24,425178.24,425178.24,2019-09-20
1647,2019,20579.0,20579.0,20579.0,2019-09-13
1648,2019,14422296.0,3500000.0,14422296.0,2019-09-17
1649,2019,149219.46,0.0,149219.46,2019-09-24
1650,2019,639537.6,639537.6,639537.6,2019-07-15
1651,2019,27072.0,27072.0,27072.0,2019-09-10
1652,2019,12939.84,12939.84,12939.84,2019-07-22
1653,2019,3191650.0,3191650.0,3191650.0,2019-06-20
1654,2019,3017118.95,3017118.95,3017118.95,2019-03-22
1655,2019,975865.16,0.0,975865.16,2019-09-12
1656,2019,26495771.24,26495771.24,26495771.24,2019-05-06
1657,2019,7564.64,7564.64,7564.64,2019-01-30
1658,2019,5212.5,5212.5,5212.5,2019-02-22
1659,2019,21492.0,21492.0,21492.0,2019-06-21
1660,2019,5063612.2,0.0,5063612.2,2019-08-26
1661,2019,2144803.9,0.0,2144803.9,2019-09-28
1662,2019,77428.56,77428.56,77428.56,2019-04-15
1663,2019,8063573.42,2015893.36,8063573.42,2019-07-19
1664,2019,754500.0,754500.0,754500.0,2019-06-21
1665,2019,17149.0,17149.0,17149.0,2019-07-18
1666,2019,53716.19,53716.19,53716.19,2019-03-21
1667,2019,385600.0,385600.0,385600.0,2019-06-20
1668,2019,1484289.31,1484289.31,1484289.31,2019-05-07
1669,2019,1248300.0,1248300.0,4993200.0,2019-03-21
1670,2019,13800.0,13800.0,13800.0,2019-08-28
1671,2019,1878.05,1878.05,1878.05,2019-02-05
1672,2019,7183.32,7183.32,7183.32,2019-05-21
1673,2019,1420993.6,1420993.6,1420993.6,2019-02-26
1674,2019,150360.0,150360.0,150360.0,2019-04-26
